Symbol,Name,Book Value Per Share,Price / Book Value
AMRX,"Amneal Pharmaceuticals, Inc. Class A",0.06452,94.07935
LFMD,"LifeMD, Inc.",0.09163,90.47255
SWIN,Solowin Holdings,0.07356,84.55682
BCG,"Binah Capital Group, Inc.",0.15164,82.92667
PI,"Impinj, Inc.",1.25639,71.65768
EXTR,"Extreme Networks, Inc.",0.19405,69.31203
GVH,Globavend Holdings Ltd.,0.02534,58.79642
NWGL,Nature Wood Group Limited Sponsored ADR,0.1373,58.26657
HALO,"Halozyme Therapeutics, Inc.",0.6611,55.90682
VVOS,"Vivos Therapeutics, Inc.",0.22412,55.50598
APPN,Appian Corporation Class A,0.71342,52.78798
WMG,Warner Music Group Corp. Class A,0.59497,52.77577
CLBT,Cellebrite DI Ltd.,0.16834,51.44351
TBIO,"Telesis Bio, Inc.",0.1425,50.4
CELH,"Celsius Holdings, Inc.",1.13915,47.86025
MANH,"Manhattan Associates, Inc.",4.51999,47.63728
EVOJ,Evo Acquisition Corp. Class A,0.22675,47.31731
SDA,SunCar Technology Group Inc. Class A,0.17923,46.03024
ATLX,Atlas Lithium Corporation,0.69659,44.90446
TEAM,Atlassian Corp Class A,3.96402,44.62137
BPMC,Blueprint Medicines Corp.,2.13598,43.18393
AAPL,Apple Inc.,3.99651,42.83988
PET,Wag! Group Co.,0.04157,42.13134
INBX.1,"Inhibrx, Inc.",0.91838,41.37721
BDSX,"Biodesix, Inc.",0.04759,38.66359
SOUN,"SoundHound AI, Inc Class A",0.05495,38.58053
PWM,"Prestige Wealth, Inc. Class A",0.08627,38.48383
APLS,"Apellis Pharmaceuticals, Inc.",1.62703,36.79096
ESTA,"Establishment Labs Holdings, Inc.",0.70514,36.71611
SPPL,Simpple Ltd.,0.1657,35.66687
MRNS,Marinus Pharmaceuticals Inc,0.30717,35.38757
NVDA,NVIDIA Corporation,1.74424,34.99002
GSHD,"Goosehead Insurance, Inc. Class A",2.26516,33.46342
BNTC,Benitec Biopharma Inc,0.12273,33.0359
KLAC,KLA Corporation,25.0573,32.90498
ZS,"Zscaler, Inc.",4.92707,32.55079
GOGO,Gogo Inc.,0.31702,31.95382
SLN,Silence Therapeutics PLC Sponsored ADR,0.54866,31.65895
IDXX,"IDEXX Laboratories, Inc.",17.87901,31.04478
PPYA,Papaya Growth Opportunity Corp. I Class A,0.34842,30.91097
TMC,TMC the metals company Inc.,0.03561,30.8902
CRWD,"CrowdStrike Holdings, Inc. Class A",9.52577,30.70618
TCX,Tucows Inc.,0.90568,29.81185
ADSK,"Autodesk, Inc.",8.66822,29.28052
BIGC,BigCommerce Holdings Inc,0.33416,29.11779
MDB,"MongoDB, Inc. Class A",14.69576,27.25412
RACY,Relativity Acquisition Corp. Class A,0.46466,27.22421
ATEC,"Alphatec Holdings, Inc.",0.561,26.93405
FCUV,"Focus Universal, Inc.",0.05474,26.67154
FTAI,FTAI Aviation Ltd.,1.7476,26.5507
MEOA,"Minority Equality Opportunities Acquisition, Inc. Class A",0.39869,26.03526
FOLD,"Amicus Therapeutics, Inc.",0.54556,26.00997
MELI,"MercadoLibre, Inc.",60.57505,25.94369
VERB,"Verb Technology Company, Inc.",0.00683,25.19766
RGC,Regencell Bioscience Holdings Ltd.,0.9245,25.14332
RVPH,"Reviva Pharmaceuticals Holdings, Inc.",0.20484,25.14157
AMGN,Amgen Inc.,11.6399,24.7442
ARM,ARM Holdings PLC ADR,5.08973,24.55729
EH,EHang Holdings Ltd. Sponsored ADR Class A,0.68867,24.39485
JL,J-Long Group Limited,0.0414,24.15459
SPT,"Sprout Social, Inc. Class A",2.56406,23.962
SMMT,Summit Therapeutics Inc,0.11073,23.57085
DXCM,"DexCom, Inc.",5.36741,23.11916
DRCT,"Direct Digital Holdings, Inc. Class A",0.6692,22.2355
HCTI,"Healthcare Triangle, Inc.",0.12486,21.98462
TZOO,Travelzoo,0.4375,21.78286
CDNS,"Cadence Design Systems, Inc.",12.52924,21.73875
HUMA,"Humacyte, Inc.",0.13066,21.7358
ADP,"Automatic Data Processing, Inc.",11.14335,21.41995
CCTG,CCSC Technology International Holdings Limited,0.13568,21.37382
APPF,AppFolio Inc Class A,8.28975,20.8981
PBPB,Potbelly Corp.,0.50037,20.82459
GH,"Guardant Health, Inc.",1.30465,20.73353
PODD,Insulet Corporation,10.48102,20.70218
FTDR,"Frontdoor, Inc.",1.73517,20.29772
GLSI,"Greenwich LifeSciences, Inc.",0.52151,20.17219
TRUG,"TruGolf Holdings, Inc. Class A",0.55364,20.13944
DDOG,Datadog Inc Class A,6.11742,19.8417
DKNG,"DraftKings, Inc. Class A",1.77768,19.82922
AXSM,"Axsome Therapeutics, Inc.",4.03319,19.73376
QLYS,"Qualys, Inc.",9.97518,19.67684
GTLB,"Gitlab, Inc. Class A",3.62519,19.61552
NRC,National Research Corporation,2.02127,19.57185
GNLX,Genelux Corp.,0.7269,19.27363
IONS,"Ionis Pharmaceuticals, Inc.",2.67898,18.88405
TMDX,"TransMedics Group, Inc.",4.19953,18.79496
MRM,"MEDIROM Healthcare Technologies, Inc. Sponsored ADR",0.30636,18.67085
RRR,"Red Rock Resorts, Inc. Class A",2.86817,18.59374
ENPH,"Enphase Energy, Inc.",7.24734,18.2329
NTAP,"NetApp, Inc.",5.56311,18.21463
CRVL,CorVel Corporation,14.45785,18.18804
SHOT,"Safety Shot, Inc.",0.19321,18.16676
BSY,"Bentley Systems, Incorporated Class B",2.98137,17.50202
LQDA,Liquidia Corporation,0.68911,17.4573
CDIO,Cardio Diagnostics Holdings Inc.,0.14401,17.29047
BLBD,Blue Bird Corporation,1.24352,17.169
BLEU,bleuacacia Ltd. Class A,0.65991,17.01747
ADBE,Adobe Inc.,36.3033,16.87092
MEDP,"Medpace Holdings, Inc.",18.21769,16.82595
NEOV,NeoVolta Inc,0.19503,16.79229
AEAE,AltEnergy Acquisition Corp. Class A,0.65995,16.50125
VERX,"Vertex, Inc. Class A",1.64648,16.36218
LRCX,Lam Research Corporation,65.49816,16.25771
TTD,"Trade Desk, Inc. Class A",4.42657,16.25638
LWLG,"Lightwave Logic, Inc.",0.3084,16.14786
TGTX,"TG Therapeutics, Inc.",1.05995,16.11397
RYTM,"Rhythm Pharmaceuticals, Inc.",2.85662,16.09245
CTAS,Cintas Corporation,42.63,15.90359
CVLT,"Commvault Systems, Inc.",6.38571,15.8839
BCSA,Blockchain Coinvestors Acquisition Corp. I Class A,0.68714,15.86285
IRTC,"iRhythm Technologies, Inc.",6.78739,15.77042
ISPR,"Ispire Technology, Inc.",0.57863,15.76137
VRCA,Verrica Pharmaceuticals Inc.,0.46596,15.7095
TENB,"Tenable Holdings, Inc.",2.95647,15.57939
VSME,VS Media Holdings Limited Class A,0.02441,15.48546
AVDL,Avadel Pharmaceuticals plc,0.92284,15.30059
PLSE,"Pulse Biosciences, Inc.",0.80444,15.21555
WVE,Wave Life Sciences Ltd.,0.33257,15.18477
LFCR,"Lifecore Biomedical, Inc.",0.37022,15.18016
LILM,Lilium N.V. Class A,0.07774,15.1788
QSG,Quantasing Group Ltd. ADR,0.55782,15.13033
SAGA,Sagaliam Acquisition Corp. Class A,0.68199,15.07353
CDW,CDW Corporation,15.23117,14.92466
MDXH,MDxHealth S.A.,0.26414,14.91633
MPWR,"Monolithic Power Systems, Inc.",42.68216,14.77854
SLXN,Silexion Therapeutics Corp,0.7362,14.7718
BLTE,"Belite Bio, Inc. ADR",3.10232,14.74703
BL,"BlackLine, Inc.",4.24093,14.72319
DUOL,"Duolingo, Inc. Class A",15.41412,14.71703
ASNS,"Actelis Networks, Inc.",0.07614,14.70975
AIP,"Arteris, Inc.",0.40255,14.63172
NVFY,"Nova Lifestyle, Inc.",0.25883,14.56555
AVGO,Broadcom Inc.,5.7942,14.46895
RARE,"Ultragenyx Pharmaceutical, Inc.",3.34622,14.29075
LCA,"Landcadia Holdings IV, Inc. Class A",0.7013,14.28775
LULU,lululemon athletica inc.,33.52887,14.25727
OPTX,"Syntec Optics Holdings, Inc. Class A",0.35607,14.12644
HPH,Highest Performances Holdings Inc. Sponsored ADR,0.49535,14.09085
WLGS,"Wang & Lee Group, Inc.",0.05098,14.02511
NPCE,"NeuroPace, Inc.",0.74232,13.88889
RDHL,RedHill Biopharma Ltd. Sponsored ADR,2.62905,13.88334
WDFC,WD-40 Company,15.49593,13.86622
LSCC,Lattice Semiconductor Corporation,5.03874,13.69192
MLEC,Moolec Science SA,0.26903,13.67877
EXPE,"Expedia Group, Inc.",11.19336,13.56072
APLD,Applied Digital Corporation,0.62045,13.49021
KA,"Kineta, Inc.",0.27796,13.05943
ZEO,Zeo Energy Corp. Class A,0.86569,13.05895
BPTH,"Bio-Path Holdings, Inc.",0.71359,12.97664
WEN,Wendy's Company,1.5082,12.91606
AIRT,"Air T, Inc.",1.71882,12.91584
APEN,"Apollo Endosurgery, Inc.",0.77635,12.84215
SCWO,374Water Inc,0.11116,12.77438
ONYX,Onyx Acquisition Co. I Class A,0.8618,12.76398
KIRK,"Kirkland's, Inc.",0.24168,12.74412
AUUD,Auddia Inc.,0.4922,12.69809
MOVE,"Movano, Inc.",0.06176,12.6522
TSLA,"Tesla, Inc.",19.66531,12.63545
LZ,"LegalZoom.com, Inc.",0.89549,12.61879
PEP,"PepsiCo, Inc.",13.46652,12.61202
ANL,Adlai Nortye Ltd. Sponsored ADR,0.71728,12.53346
EXPO,"Exponent, Inc.",7.04101,12.50389
AFRI,Forafric Global PLC,0.84805,12.48747
MSFT,Microsoft Corporation,36.11474,12.37583
SYRS,"Syros Pharmaceuticals, Inc.",0.62997,12.36567
CLOE,Clover Leaf Capital Corp. Class A,0.95154,12.28535
AUGX,Augmedix Inc,0.47972,12.19461
BRZE,"Braze, Inc. Class A",4.433,12.19265
QXO,"QXO, Inc.",11.24635,12.17106
AXON,Axon Enterprise Inc,21.40775,12.06713
HAIA,Healthcare AI Acquisition Corp. Class A,0.90995,11.98417
ACAD,ACADIA Pharmaceuticals Inc.,2.62226,11.94008
NVCT,"Nuvectis Pharma, Inc.",0.70045,11.90663
DMRC,Digimarc Corporation,3.03631,11.89602
YHGJ,Yunhong Green CTI Ltd.,0.17967,11.8957
ACXP,Acurx Pharmaceuticals LLC,0.32255,11.87413
CYBR,CyberArk Software Ltd.,18.75091,11.6821
ITCI,"Intra-Cellular Therapies, Inc.",6.13639,11.67136
POOL,Pool Corporation,34.22742,11.64885
SNPS,"Synopsys, Inc.",40.42872,11.61155
NVAC,NorthView Acquisition Corp.,0.96112,11.61145
TGAN,Transphorm Inc,0.34384,11.60423
FNGR,FingerMotion Inc,0.23036,11.59055
QUIK,QuickLogic Corporation,1.1967,11.58185
PEGA,Pegasystems Inc.,4.2204,11.5771
DLO,DLocal Limited Class A,1.53731,11.50711
CETY,"Clean Energy Technologies, Inc.",0.13051,11.49337
CERE,Cerevel Therapeutics Holdings Inc,3.71492,11.41344
PAYX,"Paychex, Inc.",10.5554,11.38375
MDGL,"Madrigal Pharmaceuticals, Inc.",20.39368,11.34567
MNDY,monday.com Ltd.,16.62803,11.29478
ATPC,Agape ATP Corp.,0.05667,11.27581
CHDN,Churchill Downs Incorporated,11.99463,11.2492
DOCU,"DocuSign, Inc.",5.50217,11.07199
LYFT,"Lyft, Inc. Class A",1.35445,11.06722
FAST,Fastenal Company,5.85473,11.06285
NWTN,"NWTN, Inc. Class B",0.98321,10.91323
HOUR,"Hour Loop, Inc.",0.12693,10.90444
TSCO,Tractor Supply Company,19.90963,10.8003
MARPS,Marine Petroleum Trust,0.48909,10.79556
APP,AppLovin Corp. Class A,3.69632,10.78099
SHC,Sotera Health Company,1.56891,10.73994
FIVN,"Five9, Inc.",7.33916,10.72194
ULTA,Ulta Beauty Inc.,47.16762,10.71349
NSSC,"NAPCO Security Technologies, Inc.",4.8513,10.70847
SPSC,"SPS Commerce, Inc.",18.12803,10.69283
LIXT,"Lixte Biotechnology Holdings, Inc.",0.21996,10.68376
EPOW,"Sunrise New Energy Co., Ltd Class A",0.10118,10.67405
ABNB,"Airbnb, Inc. Class A",12.79781,10.63776
ARWR,"Arrowhead Pharmaceuticals, Inc.",2.52854,10.62669
AIHS,Senmiao Technology Ltd.,0.08508,10.57946
APCX,Apptech Payments Corp,0.18848,10.55815
LOOP,"Loop Industries, Inc.",0.29755,10.55285
SWAV,Shockwave Medical Inc,18.0769,10.54163
EYEN,"Eyenovia, Inc.",0.19755,10.52898
SRPT,"Sarepta Therapeutics, Inc.",9.16804,10.51806
CWD,"CaliberCos, Inc. Class A",0.12321,10.46993
NUVO,Holdco Nuvo Group D.G Ltd.,1.0874,10.40096
NUKK,Nukkleus Inc.,0.73463,10.38423
ODFL,"Old Dominion Freight Line, Inc.",19.53743,10.37317
ALHC,"Alignment Healthcare, Inc.",0.83061,10.36588
OMH,Ohmyhome Limited,0.14809,10.33156
MACK,"Merrimack Pharmaceuticals, Inc.",1.30632,10.26548
BIVI,BioVie Inc. Class A,4.21102,10.23505
NFLX,"Netflix, Inc.",47.57448,10.23406
VRNS,"Varonis Systems, Inc.",4.48791,10.08933
ATOM,Atomera Incorporated,0.69598,10.07213
AUTL,Autolus Therapeutics Plc Sponsored ADR,0.64028,10.0581
REBN,"Reborn Coffee, Inc.",0.45355,10.05225
EAC,Edify Acquisition Corp. Class A,1.01575,9.928624
ROST,"Ross Stores, Inc.",14.53381,9.885914
EXPI,"eXp World Holdings, Inc.",1.57006,9.884973
ARRY,Array Technologies Inc,1.71413,9.80089
NTRA,"Natera, Inc.",6.40007,9.787393
AGYS,"Agilysys, Inc.",8.63784,9.754753
DSKE,"Daseke, Inc.",0.83322,9.721322
ALTR,Altair Engineering Inc. Class A,8.66905,9.706946
ATIF,ATIF Holdings Ltd.,0.15989,9.694164
LINK,"Interlink Electronics, Inc.",0.88073,9.666224
LNW,"Light & Wonder, Inc.",8.5,9.66
ADSE,ADS-TEC Energy Public Limited Company,0.74071,9.652901
REFR,Research Frontiers Incorporated,0.10498,9.62088
COST,Costco Wholesale Corporation,56.59078,9.617291
KRTX,"Karuna Therapeutics, Inc.",32.93898,9.60898
CYTH,Cyclo Therapeutics Inc,0.16658,9.544964
WDAY,"Workday, Inc. Class A",30.62965,9.502884
LECO,"Lincoln Electric Holdings, Inc.",22.97206,9.466282
AEYE,"AudioEye, Inc.",0.57271,9.463778
BASE,"Couchbase, Inc.",2.65732,9.407975
ERIE,Erie Indemnity Company Class A,35.70586,9.379973
QTI,"QT Imaging Holdings, Inc.",1.2365,9.353012
ODD,ODDITY Tech Ltd. Class A,4.97843,9.34632
IMCR,Immunocore Holdings Plc Shs Sponsored American Depositary Shares Repr 1 Sh,7.3746,9.264232
SKYX,SKYX Platforms Corp.,0.17355,9.219245
MORN,"Morningstar, Inc.",31.07551,9.211112
CBAY,"CymaBay Therapeutics, Inc.",2.56669,9.202514
KLTR,"Kaltura, Inc.",0.21264,9.170429
TXN,Texas Instruments Incorporated,18.58856,9.170156
BRFH,Barfresh Food Group Inc.,0.17358,9.160042
INOD,Innodata Inc.,0.89392,9.10596
VRRM,Verra Mobility Corp. Class A,2.5305,9.100968
CCG,Cheche Group Inc. Class A,0.70683,9.096954
RXST,"RxSight, Inc.",4.4373,9.086607
OFLX,"Omega Flex, Inc.",7.79537,9.045113
VSAC,Vision Sensing Acquisition Corp. Class A,1.226,9.017129
CFLT,Confluent Inc Class A,2.60156,8.994603
TXG,10x Genomics Inc Class A,6.22227,8.993503
MDXG,"MiMedx Group, Inc.",0.97599,8.985747
ABEO,"Abeona Therapeutics, Inc.",0.55897,8.962914
NOVT,Novanta Inc,18.80438,8.955893
DYN,Dyne Therapeutics Inc,1.48518,8.955144
CHSN,Chanson International Holding Class A,0.13634,8.948217
ISRG,"Intuitive Surgical, Inc.",37.77349,8.931131
INTS,"Intensity Therapeutics, Inc.",0.96007,8.926433
LAMR,Lamar Advertising Company Class A,11.91757,8.917926
MFH,"Mercurity Fintech Holding, Inc.",0.29321,8.867365
ASCB,A SPAC II Acquisition Corp. Class A,1.22737,8.864483
PLAY,"Dave & Buster's Entertainment, Inc.",6.23789,8.847543
RCMT,"RCM Technologies, Inc.",3.28752,8.833406
LEGN,Legend Biotech Corp. Sponsored ADR,6.87903,8.746873
HLNE,Hamilton Lane Incorporated Class A,12.95145,8.706361
MEDS,"TRxADE HEALTH, Inc.",0.59928,8.670905
CVRX,"CVRx, Inc.",3.63745,8.643417
LNZA,"LanzaTech Global, Inc.",0.58213,8.640681
ARDX,"Ardelyx, Inc.",0.71763,8.639549
HON,Honeywell International Inc.,24.31224,8.625696
TELA,"TELA Bio, Inc.",0.77082,8.588257
MKTX,MarketAxess Holdings Inc.,34.1154,8.5841
SGEN,"Seagen, Inc.",15.02913,8.550728
FIAC,Focus Impact Acquisition Corp. Class A,1.29818,8.431034
SKYT,SkyWater Technology Inc,1.14272,8.41851
IRMD,IRadimed Corp.,5.64126,8.414786
IMMX,"Immix Biopharma, Inc.",0.82345,8.403667
ELAB,ELEVAI Labs Inc.,0.22084,8.278392
CLIR,ClearSign Technologies Corporation,0.13421,8.27062
XPEL,"XPEL, Inc.",6.51425,8.266493
NXT,Nextracker Inc. Class A,6.82667,8.242672
SOWG,Sow Good Inc.,1.2075,8.198758
AAON,"AAON, Inc.",9.02023,8.18937
LPLA,LPL Financial Holdings Inc.,27.84731,8.17386
MAMA,"Mama's Creations, Inc.",0.52881,8.150375
HHR,HeadHunter Group Plc Sponsored ADR,1.84747,8.13545
ENVX,Enovix Corporation,1.54217,8.11843
SLNO,Soleno Therapeutics Inc,4.9721,8.095171
NARI,"Inari Medical, Inc.",8.04866,8.065939
SEAT,Vivid Seats Inc. Class A,0.78444,8.056703
MGRM,Monogram Technologies Inc.,0.4275,8.046783
RTC,Baijiayun Group Ltd. Class A,1.0209,8.032128
REAX,Real Brokerage Inc.,0.20084,7.96654
CDMO,"Avid Bioservices, Inc.",0.95786,7.965673
CLPT,"ClearPoint Neuro, Inc.",0.85885,7.905921
WEST,Westrock Coffee Company,1.29175,7.904006
DYAI,"Dyadic International, Inc.",0.20404,7.89061
WINV,WinVest Acquisition Corp.,1.4214,7.82679
SMTI,"Sanara MedTech, Inc.",5.25261,7.824681
AMZN,"Amazon.com, Inc.",19.44284,7.814702
BNAI,Brand Engagement Network Inc.,1.36001,7.808766
ZYXI,"Zynex, Inc.",1.40066,7.774906
USGO,U.S. GoldMining Inc.,0.985,7.77066
BRKR,Bruker Corporation,9.48715,7.745213
KOPN,Kopin Corporation,0.26288,7.722155
HA,"Hawaiian Holdings, Inc.",1.84132,7.711859
DALN,DallasNews Corporation Class A,0.55264,7.690359
BFRG,"BullFrog AI Holdings, Inc.",0.42533,7.664637
MGRX,"Mangoceuticals, Inc.",0.03617,7.655516
IPDN,"Professional Diversity Network, Inc.",0.26617,7.626705
PDD,PDD Holdings Inc. Sponsored ADR Class A,19.18859,7.624844
WFRD,Weatherford International plc,12.83333,7.623119
RXDX,"Prometheus Biosciences, Inc",14.43091,7.622527
IMVT,Immunovant Inc,4.24333,7.614303
PRVB,"Provention Bio, Inc.",1.3899,7.604864
MRSN,"Mersana Therapeutics, Inc.",0.30572,7.588643
PRCT,PROCEPT BioRobotics Corp.,5.52977,7.578977
EWCZ,"European Wax Center, Inc. Class A",1.71921,7.561613
ADMA,"ADMA Biologics, Inc.",0.59809,7.557391
MYNZ,Mainz Biomed N.V.,0.15352,7.556019
VCEL,Vericel Corporation,4.72416,7.537848
PMGM,Priveterra Acquisition Corp. II Class A,1.35085,7.535996
LEDS,SemiLEDs Corporation,0.23295,7.469414
ADER,26 Capital Acquisition Corp. Class A,1.35819,7.462137
AMIX,"Autonomix Medical, Inc.",0.40475,7.461396
CERS,Cerus Corporation,0.29049,7.435712
FLUX,"Flux Power Holdings, Inc.",0.57993,7.431931
SGD,Safe and Green Development Corporation,0.18878,7.41604
ARAV,"Aravive, Inc.",0.17808,7.412399
MLTX,MoonLake Immunotherapeutics Class A,8.19753,7.366853
CGBS,Crown LNG Holdings Limited,1.52495,7.314994
MNST,Monster Beverage Corporation,7.90032,7.292109
GLBE,Global-e Online Ltd.,5.44102,7.283561
FEBO,Fenbo Holdings Limited,0.69593,7.270846
ETON,"Eton Pharmaceuticals, Inc.",0.6025,7.26971
MCHP,Microchip Technology Incorporated,12.40591,7.231231
STEP,"StepStone Group, Inc. Class A",4.94516,7.227269
MMYT,MakeMyTrip Ltd.,9.8352,7.224052
NGMS,NeoGames SA,3.96473,7.221172
FIZZ,National Beverage Corp.,6.0326,7.220767
ALKT,Alkami Technology Inc,3.35953,7.218272
COCO,"Vita Coco Company, Inc.",3.55781,7.209491
TXRH,"Texas Roadhouse, Inc.",17.09344,7.205103
AVPT,"AvePoint, Inc. Class A",1.14052,7.198471
IMGN,"ImmunoGen, Inc.",0.68936,7.195079
GTI,Graphjet Technology Class A,1.57229,7.193329
QDRO,Quadro Acquisition One Corp. Class A,1.5049,7.189847
RCEL,AVITA Medical Inc,1.91013,7.182757
CHRW,"C.H. Robinson Worldwide, Inc.",12.14971,7.110458
TRON,Corner Growth Acquisition Corp. 2 Class A,1.59774,7.097525
RMBS,Rambus Inc.,9.62508,7.09085
PCTY,Paylocity Holding Corp.,18.60907,7.085255
CPRT,"Copart, Inc.",6.25422,7.066429
ELTX,"Elicio Therapeutics, Inc",1.18423,7.042551
LSTR,"Landstar System, Inc.",27.548,7.029549
BDRX,Biodexa Pharmaceuticals plc Sponsored ADR,0.38149,7.025086
XFIN,ExcelFin Acquisition Corp. Class A,1.53231,6.999237
XPON,"Expion360, Inc.",0.77275,6.975089
DUET,DUET Acquisition Corp Class A,1.58139,6.943259
ENGN,enGene Holdings Inc.,3.12467,6.943133
SAVA,"Cassava Sciences, Inc.",3.25469,6.916173
LPSN,"LivePerson, Inc.",0.54804,6.915554
RELY,"Remitly Global, Inc.",2.80911,6.913222
REKR,"Rekor Systems, Inc. Class B",0.48239,6.903128
WFCF,"Where Food Comes From, Inc.",1.96602,6.892453
HCKT,"Hackett Group, Inc.",3.30369,6.892293
NXPI,NXP Semiconductors NV,33.60939,6.833805
DMLP,"Dorchester Minerals, L.P.",4.68491,6.794154
FLNC,"Fluence Energy, Inc. Class A",3.3838,6.794137
INTA,"Intapp, Inc.",5.4036,6.786217
AUID,authID Inc.,1.39655,6.773836
CAPR,"Capricor Therapeutics, Inc.",0.72561,6.739157
NUVL,"Nuvalent, Inc. Class A",10.93513,6.729687
ATAT,Atour Lifestyle Holdings Ltd. Sponsored ADR,2.57971,6.729439
VERA,"Vera Therapeutics, Inc. Class A",2.28752,6.723438
RANI,"Rani Therapeutics Holdings, Inc. Class A",0.49416,6.718472
GRI,"GRI Bio, Inc.",5.21418,6.718307
WSC,WillScot Holdings Corporation Class A,6.63931,6.702504
COIN,"Coinbase Global, Inc. Class A",25.95208,6.701582
AMAT,"Applied Materials, Inc.",19.62665,6.689883
PSIG,PS International Group Limited,1.71766,6.689333
GDHG,Golden Heaven Group Holdings Ltd. Class A,1.17972,6.679551
HAS,"Hasbro, Inc.",7.65121,6.673454
NVEC,NVE Corporation,13.56494,6.648021
CORT,Corcept Therapeutics Incorporated.,4.9002,6.628301
GDTC,CytoMed Therapeutics Limited,0.7394,6.626995
BLZE,"Backblaze, Inc. Class A",1.14782,6.612535
IPAR,"Inter Parfums, Inc.",21.85285,6.589987
PLMI,Plum Acquisition Corp. I Class A,1.64918,6.579027
JKHY,"Jack Henry & Associates, Inc.",25.28215,6.566689
TER,"Teradyne, Inc.",16.54178,6.560358
FAAS,DigiAsia Corp.,1.76458,6.553967
CAMT,Camtek Ltd,10.60425,6.54266
GWRS,"Global Water Resources, Inc.",2.01115,6.503742
FRSH,"Freshworks, Inc. Class A",3.61402,6.499687
UDMY,"Udemy, Inc.",2.27079,6.486729
PRME,"Prime Medicine, Inc.",1.36655,6.48348
ANAB,"AnaptysBio, Inc.",3.31255,6.466318
SKIN,Beauty Health Company Class A,0.48324,6.435726
PGNY,"Progyny, Inc.",5.78099,6.431424
COEP,Coeptis Therapeutics Holdings Inc.,0.1221,6.420147
VRNA,Verona Pharma plc Sponsored ADR,3.09892,6.415138
MREO,Mereo BioPharma Group plc Sponsored ADR,0.36083,6.401906
GEN,Gen Digital Inc.,3.52648,6.351943
SRRK,Scholar Rock Holding Corp.,2.96419,6.342373
FIVE,"Five Below, Inc.",28.71408,6.307359
PDSB,PDS Biotechnology Corp.,0.78959,6.294406
PTC,PTC Inc.,22.52739,6.289233
NN,NextNav Inc.,0.70847,6.281141
OLED,Universal Display Corporation,30.55447,6.259641
OLK,Olink Holding AB Sponsored ADR,4.04294,6.220721
OHAA,OPY Acquisition Corp. I Class A,1.61414,6.20764
QOMO,Qomolangma Acquisition Corp.,1.73736,6.19906
POWI,"Power Integrations, Inc.",13.25815,6.193172
TNDM,"Tandem Diabetes Care, Inc.",4.78448,6.18249
GOOGL,Alphabet Inc. Class A,22.7431,6.142083
SMID,Smith-Midland Corporation,6.43493,6.138373
CHKP,Check Point Software Technologies Ltd.,24.98529,6.115198
MTSI,"MACOM Technology Solutions Holdings, Inc.",13.34836,6.111612
JEWL,Adamas One Corp.,0.11477,6.099155
SEPA,SEP Acquisition Corp Class A,1.73415,6.09509
EQIX,"Equinix, Inc.",132.1866,6.092826
CCOI,Cogent Communications Holdings Inc,12.54009,6.065347
COKE,"Coca-Cola Consolidated, Inc.",153.15187,6.061957
SCPH,"scPharmaceuticals, Inc.",1.03474,6.059493
ELDN,"Eledon Pharmaceuticals, Inc.",0.29769,6.046558
PAYS,"PaySign, Inc. Class B",0.46418,6.032143
TPG,TPG Inc Class A,7.18588,6.007615
DCTH,"Delcath Systems, Inc.",0.69314,6.001674
BLMN,"Bloomin' Brands, Inc.",4.70425,5.983951
ACLX,"Arcellx, Inc.",9.28423,5.977879
SAIA,"Saia, Inc.",73.32009,5.976807
PXLW,"Pixelworks, Inc.",0.21953,5.967294
VRTX,Vertex Pharmaceuticals Incorporated,68.22168,5.964233
META,Meta Platforms Inc Class A,59.80789,5.918283
KRUS,"Kura Sushi USA, Inc. Class A",14.76998,5.915377
CSWI,"CSW Industrials, Inc.",39.68822,5.911074
CRVO,CervoMed Inc.,1.29998,5.869321
DASH,"DoorDash, Inc. Class A",16.87879,5.858832
ANSS,"ANSYS, Inc.",62.02532,5.850514
NBIX,"Neurocrine Biosciences, Inc.",22.61398,5.826484
RAPT,"RAPT Therapeutics, Inc.",4.27448,5.813572
PMN,ProMIS Neurosciences Inc.,0.19874,5.786455
NMRA,"Neumora Therapeutics, Inc.",2.95328,5.773242
TTEK,"Tetra Tech, Inc.",26.35654,5.768208
CSGS,"CSG Systems International, Inc.",9.25243,5.750922
BLKB,"Blackbaud, Inc.",15.08062,5.749101
AVTE,"Aerovate Therapeutics, Inc.",3.94256,5.739925
EXLS,"ExlService Holdings, Inc.",5.38146,5.732645
JYNT,Joint Corp.,1.67757,5.728524
TMCI,"Treace Medical Concepts, Inc.",2.23383,5.707686
IRDM,Iridium Communications Inc.,7.2335,5.690191
ANEB,"Anebulo Pharmaceuticals, Inc.",0.41358,5.682093
ALGN,"Align Technology, Inc.",48.35816,5.666055
ROKU,"Roku, Inc. Class A",16.21115,5.654133
FPAY,"FlexShopper, Inc.",0.29547,5.652012
CRDO,Credo Technology Group Holding Ltd.,3.28778,5.645146
OCUL,Ocular Therapeutix Inc,0.7927,5.62634
LANC,Lancaster Colony Corporation,33.63131,5.618871
HROW,"Harrow, Inc.",2.00058,5.598376
CSX,CSX Corporation,6.19408,5.59728
ELWS,"Earlyworks Co., Ltd. Sponsored ADR",0.70314,5.569304
BGXX,Bright Green Corp.,0.05935,5.561921
QCOM,QUALCOMM Incorporated,19.37253,5.558386
UPST,"Upstart Holdings, Inc.",7.359,5.552385
MIRM,"Mirum Pharmaceuticals, Inc.",5.3222,5.546578
HTOO,Fusion Fuel Green Plc Class A,0.20221,5.538796
ICG,Intchains Group Ltd. ADR,2.23557,5.533265
ICPT,"Intercept Pharmaceuticals, Inc.",2.24156,5.518478
SGH,"SMART Global Holdings, Inc.",4.28653,5.513321
KRMD,"KORU Medical Systems, Inc.",0.44568,5.508437
LOPE,"Grand Canyon Education, Inc.",23.97136,5.50824
IRBT,iRobot Corporation,7.02643,5.507776
RCKT,"Rocket Pharmaceuticals, Inc.",5.45593,5.493106
ASTS,"AST SpaceMobile, Inc. Class A",1.09793,5.492154
TECH,Bio-Techne Corporation,13.07609,5.479467
CAKE,Cheesecake Factory Incorporated,6.27934,5.471913
AILE,"iLearningEngines, Inc. Class A",1.91349,5.471677
ISEE,"IVERIC bio, Inc.",3.9129,5.471645
DERM,Journey Medical Corp.,1.0531,5.469566
AVAV,"AeroVironment, Inc.",29.24334,5.46415
FROG,JFrog Ltd.,6.39988,5.407914
MVIS,"MicroVision, Inc.",0.49197,5.406834
PDFS,"PDF Solutions, Inc.",5.97942,5.375103
ASPI,"ASP Isotopes, Inc.",0.33309,5.373923
ACVA,"ACV Auctions, Inc. Class A",2.82081,5.370798
UPWK,"Upwork, Inc.",2.77604,5.356551
VKTX,"Viking Therapeutics, Inc.",3.48023,5.347348
SNAL,"Snail, Inc. Class A",0.22632,5.346412
BMAQ,Blockchain Moon Acquisition Corp.,1.91653,5.337772
NVMI,Nova Ltd.,25.87566,5.309623
LNTH,Lantheus Holdings Inc,11.67846,5.308919
INMB,"INmune Bio, Inc.",2.12464,5.299721
SEZL,Sezzle Inc.,3.87789,5.291537
ENTG,"Entegris, Inc.",22.66901,5.28563
TNON,"Tenon Medical, Inc.",0.29919,5.280925
XMTR,"Xometry, Inc. Class A",6.83684,5.252427
BRKH,BurTech Acquisition Corp. Class A,2.0546,5.229728
SOTK,Sono-Tek Corporation,1.03353,5.224812
SLP,"Simulations Plus, Inc.",8.5279,5.216994
MODD,Modular Medical Inc,0.35532,5.206574
AMPL,Amplitude Inc Class A,2.45607,5.179006
HEPS,D-MARKET Elektronik Hizmetler ve Ticaret AS Sponsored ADR,0.34796,5.173008
EVER,"EverQuote, Inc. Class A",2.36719,5.170688
CLDX,"Celldex Therapeutics, Inc.",7.67976,5.164224
NDLS,Noodles & Co. Class A,0.60369,5.151651
RZLV,Rezolve AI Limited,2.08486,5.132239
PRGS,Progress Software Corporation,10.49675,5.131112
AIRS,"Airsculpt Technologies, Inc.",1.46441,5.114688
TRVG,trivago N.V. Sponsored ADR Class A,0.47778,5.106953
HZNP,Horizon Therapeutics Public Limited Company,22.32063,5.098423
CHTR,"Charter Communications, Inc. Class A",76.33648,5.091668
RGEN,Repligen Corporation,35.34771,5.086609
INFN,Infinera Corporation,0.93765,5.065856
SDST,Stardust Power Inc.,2.18961,5.055649
MNTK,"Montauk Renewables, Inc.",1.76242,5.055549
ALEC,"Alector, Inc.",1.58057,5.048811
SIBN,"SI-BONE, Inc.",4.16223,5.04297
JBHT,"J.B. Hunt Transport Services, Inc.",39.75738,5.023973
COLL,"Collegium Pharmaceutical, Inc.",6.13241,5.019234
TROO,"TROOPS, Inc.",0.59626,5.014591
IMXI,"International Money Express, Inc.",4.40635,5.013219
RUM,"Rumble, Inc. Class A",0.89776,5.001337
PWUP,PowerUp Acquisition Corp. Class A,2.17757,5.000988
VRDN,"Viridian Therapeutics, Inc.",4.36234,4.992733
LGVN,Longeveron Inc. Class A,2.72471,4.991357
LIN,Linde plc,82.3306,4.988546
MDJH,MDJM Ltd,0.33209,4.978469
RXRX,"Recursion Pharmaceuticals, Inc. Class A",1.98211,4.974497
KARO,Karooooo Ltd.,4.99601,4.967965
WENA,"ANEW Medical, Inc.",2.1711,4.962922
AXNX,"Axonics, Inc.",12.55776,4.955502
GEHC,GE Healthcare Technologies Inc.,15.66514,4.9358
EUCR,Eucrates Biomedical Acquisition Corporation,2.02935,4.922759
MSTR,MicroStrategy Incorporated Class A,12.83479,4.921156
LPRO,Open Lending Corporation,1.73018,4.918563
LAES,SEALSQ Corp.,0.26051,4.913439
ACLS,"Axcelis Technologies, Inc.",26.46113,4.901151
ALIM,"Alimera Sciences, Inc.",0.88187,4.898681
ANTX,"AN2 Therapeutics, Inc.",4.19284,4.886902
ARHS,"Arhaus, Inc. Class A",2.42533,4.885933
EVLV,"Evolv Technologies Holdings, Inc.",0.96704,4.880874
RKLB,"Rocket Lab USA, Inc.",1.13422,4.875597
ERII,"Energy Recovery, Inc.",3.86435,4.875335
PRLH,Pearl Holdings Acquisition Corp. Class A,2.19772,4.873232
RNER,Mount Rainier Acquisition Corp.,2.53802,4.869938
VMAR,"Vision Marine Technologies, Inc.",0.76503,4.862555
CSGP,"CoStar Group, Inc.",17.98236,4.859763
SHLS,"Shoals Technologies Group, Inc. Class A",3.20365,4.850717
CWST,"Casella Waste Systems, Inc. Class A",17.61861,4.850553
PRVA,"Privia Health Group, Inc.",4.74921,4.849227
PCVX,"Vaxcyte, Inc.",13.0076,4.827947
HARP,"Harpoon Therapeutics, Inc.",1.50866,4.810229
ECOR,"electroCore, Inc.",1.23979,4.800733
OBIO,"Orchestra BioMed Holdings, Inc.",1.90184,4.800614
IRIX,IRIDEX Corporation,0.58587,4.796286
KLXE,"KLX Energy Services Holdings, Inc.",2.35152,4.788392
IDCC,"InterDigital, Inc.",22.73452,4.774238
CGNX,Cognex Corporation,8.769,4.75995
MTEM,"Molecular Templates, Inc.",0.78373,4.759292
PPSI,"Pioneer Power Solutions, Inc.",1.43182,4.742216
NFE,New Fortress Energy Inc. Class A,8.00046,4.715979
SDGR,"Schrodinger, Inc.",7.60392,4.708098
THRY,"Thryv Holdings, Inc.",4.32544,4.704724
EA,Electronic Arts Inc.,28.20036,4.70455
ALRM,"Alarm.com Holdings, Inc.",13.80732,4.680126
WBUY,Webuy Global Ltd.,0.10902,4.678958
CDZI,Cadiz Inc.,0.59908,4.673833
NDSN,Nordson Corporation,45.5744,4.66468
VRAR,"Glimpse Group, Inc.",0.76343,4.663165
CYCC,"Cyclacel Pharmaceuticals, Inc.",0.57324,4.657735
AMPH,"Amphastar Pharmaceuticals, Inc.",13.30218,4.649614
CPRX,"Catalyst Pharmaceuticals, Inc.",3.62094,4.642441
GERN,Geron Corporation,0.45503,4.637057
BATRK,Atlanta Braves Holdings Inc Class C,8.54315,4.632952
NCRA,"Nocera, Inc.",0.28496,4.632229
IPWR,Ideal Power Inc.,1.67754,4.631782
ZBRA,Zebra Technologies Corporation Class A,59.09045,4.62562
SVRA,"Savara, Inc.",1.01613,4.625392
BETR,Better Home & Finance Holding Company Class A,0.17653,4.625279
ALGM,"Allegro MicroSystems, Inc.",5.85218,4.60683
CABA,"Cabaletta Bio, Inc.",4.93898,4.596091
UFPT,"UFP Technologies, Inc.",37.44754,4.59416
ON,ON Semiconductor Corporation,18.25246,4.576369
VVPR,VivoPower International Plc,0.14604,4.559371
ADAP,Adaptimmune Therapeutics PLC Sponsored ADR,0.17394,4.559043
BCPC,Balchem Corp,32.67688,4.552148
INTE,Integral Acquisition Corp. 1 Class A,2.37693,4.549987
THCP,"Thunder Bridge Capital Partners IV, Inc. Class A",2.24692,4.548449
MASI,Masimo Corporation,25.84848,4.534503
MBTC,Nocturne Acquisition Corp.,2.3586,4.515433
CRNX,Crinetics Pharmaceuticals Inc,7.90768,4.499424
KRYS,"Krystal Biotech, Inc.",27.57552,4.498918
MNTS,Momentus Inc Class A,0.38472,4.496777
CARM,"Carisma Therapeutics, Inc.",0.65334,4.484648
BROG,Brooge Energy Ltd.,1.19378,4.481563
GTHX,"G1 Therapeutics, Inc.",0.68147,4.475619
TTWO,"Take-Two Interactive Software, Inc.",33.18443,4.474689
MRUS,Merus N.V.,6.16234,4.462591
AKYA,Akoya Biosciences Inc,1.09472,4.457761
TTGT,"TechTarget, Inc.",7.84536,4.443391
GILD,"Gilead Sciences, Inc.",18.32504,4.420727
TSHA,"Taysha Gene Therapies, Inc.",0.40082,4.415947
NVCR,NovoCure Ltd.,3.38542,4.410088
ZVRA,"Zevra Therapeutics, Inc.",1.48945,4.397596
ULY,Urgent.ly Inc.,0.72146,4.393868
STRL,"Sterling Infrastructure, Inc.",20.01271,4.393708
FRPT,Freshpet Inc,19.75538,4.391715
AOGO,Arogo Capital Acquisition Corp. Class A,2.45742,4.378576
TRNS,"Transcat, Inc.",25.47363,4.374328
BNRG,Brenmiller Energy Ltd,1.33845,4.370728
NEPH,"Nephros, Inc.",0.7927,4.364829
SSTI,"SoundThinking, Inc.",5.85803,4.359828
ERNA,Eterna Therapeutics Inc.,0.41257,4.350777
IXAQ,IX Acquisition Corp. Class A,2.55063,4.332263
SLAM,Slam Corp. Class A,2.51553,4.313206
SNAX,"Stryve Foods, Inc. Class A",0.60464,4.300079
CBRL,"Cracker Barrel Old Country Store, Inc.",21.83954,4.292673
GTAC,Global Technology Acquisition Corp. I Class A,2.58561,4.285256
SWTX,"Springworks Therapeutics, Inc.",8.52153,4.283268
EXAS,Exact Sciences Corporation,17.34248,4.265826
MBOT,Microbot Medical Inc,0.38446,4.265723
AMD,"Advanced Micro Devices, Inc.",34.58663,4.262052
ENSG,"Ensign Group, Inc.",26.35944,4.256919
EYPT,"EyePoint Pharmaceuticals, Inc.",5.43039,4.25568
LMAT,"LeMaitre Vascular, Inc.",13.34244,4.254095
SMLR,"Semler Scientific, Inc.",10.42771,4.247337
QNST,"QuinStreet, Inc.",3.90863,4.244454
ARVN,"Arvinas, Inc.",9.70588,4.240728
SFM,"Sprouts Farmers Market, Inc.",11.34793,4.23954
PRFT,"Perficient, Inc.",15.52701,4.239065
PAX,Patria Investments Ltd. Class A,3.65919,4.238643
CARG,"CarGurus, Inc. Class A",5.70238,4.236827
SOVO,"Sovos Brands, Inc.",5.22386,4.217188
NEXT,NextDecade Corp.,1.13222,4.212962
GANX,"Gain Therapeutics, Inc.",0.77611,4.206878
TRUP,"Trupanion, Inc.",7.25586,4.204877
NATI,National Instruments Corporation,8.82504,4.181284
GPCR,"Structure Therapeutics, Inc. Sponsored ADR",9.7608,4.175887
TPCS,TechPrecision Corporation,1.69435,4.172692
LUNG,Pulmonx Corp.,3.07181,4.150647
MAPS,"WM Technology, Inc. Class A",0.17355,4.150389
TAYD,"Taylor Devices, Inc.",12.3032,4.138761
LMB,"Limbach Holdings, Inc.",10.98885,4.137831
OPCH,Option Care Health Inc,8.14359,4.136996
DLTR,"Dollar Tree, Inc.",33.56062,4.133118
PXDT,"Pixie Dust Technologies, Inc. Sponsored ADR",0.61465,4.116164
AGBA,AGBA Group Holding Limited,0.11801,4.114058
SOBR,"SOBR Safe, Inc.",0.10965,4.111445
APA,APA Corporation,8.74575,4.102564
ALT,"Altimmune, Inc.",2.74627,4.096466
IRON,"Disc Medicine, Inc.",14.16739,4.076968
ABCM,Abcam PLC Sponsored ADR,3.81767,4.075784
BGC,"BGC Group, Inc. Class A",1.77177,4.075021
MLAB,"Mesa Laboratories, Inc.",26.95213,4.071292
VCIG,VCI Global Limited,0.55548,4.068553
MGOL,MGO Global Inc.,1.05859,4.062007
PAYA,Paya Holdings Inc Class A,1.94277,4.050917
SP,SP Plus Corporation,12.66738,4.045825
ANIX,"Anixa Biosciences, Inc.",0.7814,4.044024
ARBE,Arbe Robotics Ltd.,0.54017,4.035767
PTWO,"Pono Capital Two, Inc. Class A",2.66162,4.033258
LXRX,"Lexicon Pharmaceuticals, Inc.",0.38016,4.024621
HYMC,Hycroft Mining Holding Corporation Class A,0.61032,4.014287
ABUS,Arbutus Biopharma Corporation,0.62412,4.00564
MODV,ModivCare Inc.,10.99652,4.000357
TNGX,"Tango Therapeutics, Inc.",2.47653,3.997529
GNTA,Genenta Science SpA Sponsored ADR,1.23898,3.995222
IVCP,Swiftmerge Acquisition Corporation Class A,2.71272,3.986773
MOBX,"Mobix Labs, Inc.",2.57038,3.972175
RSTN,RDE Inc,1.00834,3.966916
CASI,"CASI Pharmaceuticals, Inc.",1.8063,3.963904
GLYC,"GlycoMimetics, Inc.",0.59655,3.956081
STAA,STAAR Surgical Company,7.90258,3.949343
STKL,SunOpta Inc.,1.38871,3.948332
DUOT,Duos Technologies Group Inc,0.7346,3.947727
MRVL,"Marvell Technology, Inc.",17.13622,3.940776
HWKN,"Hawkins, Inc.",19.52962,3.932488
PTGX,"Protagonist Therapeutics, Inc.",5.83409,3.930347
HRMY,"Harmony Biosciences Holdings, Inc.",8.22617,3.926493
CASY,"Casey's General Stores, Inc.",81.47809,3.922281
ALXO,"ALX Oncology Holdings, Inc.",3.79789,3.920598
BYNO,byNordic Acquisition Corp. Class A,2.82021,3.918148
MGNX,"MacroGenics, Inc.",2.4587,3.912637
SITM,SiTime Corporation,31.20271,3.912481
SEIC,SEI Investments Company,16.25147,3.910415
AKAM,"Akamai Technologies, Inc.",30.39785,3.893368
NDRA,ENDRA Life Sciences Inc.,27.23247,3.892412
CROX,"Crocs, Inc.",24.03377,3.886615
BEAT,"HeartBeam, Inc.",0.6053,3.882372
KDNY,"Chinook Therapeutics, Inc.",6.75018,3.881378
PBYI,"Puma Biotechnology, Inc.",1.12163,3.860453
IMNM,"Immunome, Inc.",2.77172,3.860419
SUMO,"Sumo Logic, Inc.",3.06492,3.859807
CCCS,CCC Intelligent Solutions Holdings Inc,2.95505,3.854419
ILMN,"Illumina, Inc.",36.13208,3.853639
AVDX,"AvidXchange Holdings, Inc.",3.21654,3.851965
ATEX,Anterix Inc.,8.72665,3.851421
ALKS,Alkermes Public Limited Company,7.20258,3.851398
GRTS,"Gritstone bio, Inc.",0.53133,3.839422
NBST,Newbury Street Acquisition Corp.,2.77701,3.831459
BBSI,"Barrett Business Services, Inc.",7.57532,3.821621
CRIS,"Curis, Inc.",3.33724,3.820522
EGAN,eGain Corporation,1.9628,3.815977
KROS,"Keros Therapeutics, Inc.",10.43347,3.810813
AMBA,"Ambarella, Inc.",13.81696,3.804021
CACC,Credit Acceptance Corporation,140.04507,3.80399
NVTS,Navitas Semiconductor Corporation,2.12402,3.799399
AVXL,Anavex Life Sciences Corp.,1.7285,3.789413
SRDX,"SurModics, Inc.",8.47121,3.788125
CDXC,ChromaDex Corporation,0.37951,3.768017
CPB,Campbell Soup Company,12.28523,3.764683
SAIC,Science Applications International Corp.,34.32692,3.758275
VALU,"Value Line, Inc.",9.63578,3.756831
BHAC,Focus Impact BH3 Acquisition Company Class A,2.78855,3.751053
VIVO,"Meridian Bioscience, Inc.",8.41368,3.747468
RDNT,"RadNet, Inc.",9.28089,3.746408
PACB,"Pacific Biosciences of California, Inc.",2.61931,3.745261
XENE,Xenon Pharmaceuticals Inc.,12.31138,3.741254
ROAD,"Construction Partners, Inc. Class A",9.79729,3.731644
ADEA,Adeia Inc.,3.321,3.730804
SHOO,"Steven Madden, Ltd.",11.25932,3.730243
WKME,WalkMe Ltd.,2.86302,3.726834
ABL,"Abacus Life, Inc. Class A",2.59213,3.726665
IDYA,"IDEAYA Biosciences, Inc.",9.54945,3.725869
APGE,"Apogee Therapeutics, Inc.",7.49991,3.725378
GRNA,"GreenLight Biosciences Holdings, PBC",0.31706,3.721693
EEFT,"Euronet Worldwide, Inc.",27.30353,3.717102
BRLT,"Brilliant Earth Group, Inc. Class A",1.00079,3.717063
RUTH,"Ruth's Hospitality Group, Inc.",4.14325,3.716889
CCTS,Cactus Acquisition Corp. 1 Ltd. Class A,3.0919,3.712927
MATH,Metalpha Technology Holding Limited,0.27983,3.710824
MYRG,MYR Group Inc.,39.03038,3.705575
DCPH,"Deciphera Pharmaceuticals, Inc.",4.35902,3.700373
REGN,"Regeneron Pharmaceuticals, Inc.",237.41408,3.699401
OCS,Oculis Holding AG,3.03856,3.69583
VICR,Vicor Corporation,12.16453,3.694347
FELE,"Franklin Electric Co., Inc.",26.19493,3.689645
DAWN,"Day One Biopharmaceuticals, Inc.",3.97285,3.674944
BMRN,BioMarin Pharmaceutical Inc.,26.25449,3.672515
SRM,"SRM Entertainment, Inc.",0.42232,3.670203
FRHC,Freedom Holding Corp.,19.2907,3.658239
MMSI,"Merit Medical Systems, Inc.",20.775,3.656318
MNTV,Momentive Global Inc.,1.91542,3.654551
ATRC,"AtriCure, Inc.",9.80869,3.63861
OCGN,Ocugen Inc,0.1581,3.636939
TPST,"Tempest Therapeutics, Inc.",1.21423,3.623696
GENK,"GEN Restaurant Group, Inc. Class A",2.1657,3.615459
LBPH,"Longboard Pharmaceuticals, Inc.",1.66915,3.612617
LITE,"Lumentum Holdings, Inc.",14.09867,3.611688
FLYW,Flywire Corp.,6.4137,3.609461
SPNS,Sapiens International Corporation NV,8.02519,3.606145
TALK,"Talkspace, Inc.",0.70443,3.605752
ROCL,Roth CH Acquisition V Co.,2.95818,3.600187
NTRB,"Nutriband, Inc.",0.72667,3.591727
HCP,"HashiCorp, Inc. Class A",6.08767,3.590865
WWD,"Woodward, Inc.",34.61167,3.590119
VSTM,"Verastem, Inc.",2.26944,3.586788
TW,"Tradeweb Markets, Inc. Class A",25.34503,3.585713
IMTX,Immatics N.V.,2.93699,3.585303
ABTS,Abits Group Inc,0.31803,3.584882
KYMR,"Kymera Therapeutics, Inc.",7.10567,3.583054
PWP,Perella Weinberg Partners Class A,3.4195,3.576546
XP,XP Inc. Class A,7.30057,3.570954
HEES,"H&E Equipment Services, Inc.",14.65846,3.56927
IOVA,Iovance Biotherapeutics Inc,2.28242,3.562009
HURN,Huron Consulting Group Inc.,28.86091,3.561911
CTCX,Carmell Corporation Class A,1.07182,3.554701
AIRE,reAlpha Tech Corp.,0.55994,3.553952
AEIS,"Advanced Energy Industries, Inc.",30.66032,3.552474
FORM,"FormFactor, Inc.",11.74516,3.55125
MIRA,"MIRA Pharmaceuticals, Inc.",0.29595,3.547897
MRAM,"Everspin Technologies, Inc.",2.55786,3.534204
MARA,Marathon Digital Holdings Inc,6.65455,3.529916
EBAY,eBay Inc.,12.37137,3.525883
ARQT,Arcutis Biotherapeutics Inc,0.9161,3.525816
TARS,"Tarsus Pharmaceuticals, Inc.",5.758,3.516846
CTLP,"Cantaloupe, Inc.",2.26895,3.508231
ALPN,"Alpine Immune Sciences, Inc.",5.43421,3.50741
SLAB,Silicon Laboratories Inc.,37.89328,3.490592
JBSS,"John B. Sanfilippo & Son, Inc.",27.80316,3.485575
MRKR,"Marker Therapeutics, Inc.",1.57894,3.48335
GOOD,Gladstone Commercial Corporation,3.80486,3.47976
CCEP,Coca-Cola Europacific Partners plc,19.18701,3.478395
PRTA,Prothena Corp. Plc,10.45721,3.475114
ARKO,ARKO Corp,2.37667,3.471243
JJSF,J & J Snack Foods Corp.,47.15073,3.470784
GDRX,"GoodRx Holdings, Inc. Class A",1.93348,3.465254
PHVS,Pharvaris N.V.,8.11316,3.457346
FORA,Forian Inc,0.84668,3.45467
AMSC,American Superconductor Corporation,3.91302,3.452576
DPCS,DP Cap Acquisition Corp. I Class A,3.15486,3.451817
MDLZ,"Mondelez International, Inc. Class A",21.01028,3.44736
FUSN,Fusion Pharmaceuticals Inc,2.79146,3.442643
SRAD,Sportradar Group AG Class A,3.21756,3.43428
INNV,InnovAge Holding Corp.,2.18445,3.433358
ISSC,"Innovative Solutions and Support, Inc.",2.21454,3.431864
ZURA,Zura Bio Limited Class A,1.36098,3.431351
GSUN,Golden Sun Health Technology Group Limited Class A,0.23201,3.430887
AAOI,"Applied Optoelectronics, Inc.",5.63251,3.430087
AUPH,Aurinia Pharmaceuticals Inc.,2.62773,3.421204
TLIS,Talis Biomedical Corp.,2.18121,3.415535
HQI,"HireQuest, Inc.",4.49595,3.414184
NCNO,nCino Inc,9.22886,3.411039
NMTC,NeuroOne Medical Technologies Corporation,0.26117,3.409274
FFIV,"F5, Inc.",47.29562,3.407081
TRIP,"TripAdvisor, Inc.",6.3262,3.403307
LRHC,La Rosa Holdings Corp.,0.44083,3.402899
APYX,Apyx Medical Corporation,0.77073,3.399375
PRQR,ProQR Therapeutics N.V.,0.58273,3.3978
VITL,"Vital Farms, Inc.",4.62225,3.394451
CEG,Constellation Energy Corporation,34.46372,3.391683
ESLA,"Estrella Immunopharma, Inc.",3.03477,3.390702
TVTX,"Travere Therapeutics, Inc.",2.66442,3.374093
CADL,"Candel Therapeutics, Inc.",0.43627,3.369473
AUR,"Aurora Innovation, Inc. Class A",1.29823,3.366122
ADGM,"Adagio Medical Holdings, Inc",3.23983,3.364374
CUE,"Cue Biopharma, Inc.",0.78545,3.36113
ZI,ZoomInfo Technologies Inc,5.5071,3.357484
HLIT,Harmonic Inc.,3.88654,3.355169
CLMB,"Climb Global Solutions, Inc.",16.34872,3.353779
VERU,Veru Inc,0.2144,3.353545
LYRA,"Lyra Therapeutics, Inc.",1.56289,3.352763
LQDT,"Liquidity Services, Inc.",5.2601,3.349746
ARBG,Aequi Acquisition Corp. Class A,2.94495,3.344709
HOLX,"Hologic, Inc.",20.75595,3.34362
USLM,"United States Lime & Minerals, Inc.",13.78211,3.342739
ROP,"Roper Technologies, Inc.",163.18803,3.340748
APDN,"Applied DNA Sciences, Inc.",7.24992,3.337968
IDAI,"T Stamp, Inc. Class A",0.41051,3.337312
MIST,"Milestone Pharmaceuticals, Inc.",0.50088,3.334132
VC,Visteon Corporation,37.47292,3.333074
CHX,ChampionX Corporation,8.77353,3.329333
CNTA,Centessa Pharmaceuticals PLC ADR,2.39174,3.328121
NSIT,"Insight Enterprises, Inc.",53.25968,3.326907
BTDR,Bitdeer Technologies Group Class A,2.97023,3.319608
EGHT,"8x8, Inc.",0.8144,3.315324
NEGG,"Newegg Commerce, Inc.",0.38006,3.315266
PIK,Kidpik Corp.,0.55374,3.31383
EVBG,"Everbridge, Inc.",7.33767,3.313041
SNDX,Syndax Pharmaceuticals Inc,6.53328,3.30768
INDI,"indie Semiconductor, Inc. Class A",2.45288,3.306318
KZIA,Kazia Therapeutics Ltd Sponsored ADR,0.35177,3.297609
UPBD,"Upbound Group, Inc.",10.30965,3.294971
SURG,SurgePays Inc,1.96131,3.288618
WTMA,Welsbach Technology Metals Acquisition Corp.,3.27246,3.283463
BWMN,"Bowman Consulting Group, Ltd.",10.82245,3.282066
HCWB,"HCW Biologics, Inc.",0.37368,3.278206
GOSS,"Gossamer Bio, Inc.",0.27847,3.276834
DTCK,Davis Commodities Limited,0.3174,3.276623
HRYU,"Hanryu Holdings, Inc.",0.24747,3.273124
GNTX,Gentex Corporation,9.9912,3.268877
LWAY,"Lifeway Foods, Inc.",4.11381,3.259752
SCPL,SciPlay Corp. Class A,4.94118,3.254283
FTLF,"FitLife Brands, Inc.",5.87995,3.248327
RDVT,"Red Violet, Inc.",6.16369,3.239942
OSW,OneSpaWorld Holdings Ltd.,4.35224,3.239711
XM,"Qualtrics International, Inc. Class A",3.20619,3.237488
CRAI,"CRA International, Inc.",30.58738,3.231725
MGTX,MeiraGTx Holdings Plc,2.17256,3.231211
KRT,"Karat Packaging, Inc.",7.71922,3.219237
PCAR,PACCAR Inc,30.34359,3.218143
GLPI,"Gaming and Leisure Properties, Inc.",15.34351,3.216344
CVCO,"Cavco Industries, Inc.",124.19733,3.213113
EXEL,"Exelixis, Inc.",7.47676,3.208609
HQY,HealthEquity Inc,23.62814,3.198728
JAMF,Jamf Holding Corp,5.65273,3.194916
NAMS,NewAmsterdam Pharma Company N.V.,3.49695,3.194212
XAIR,"Beyond Air, Inc.",0.5457,3.188565
TREE,"LendingTree, Inc.",9.51827,3.185453
NUZE,Nuzee Inc,2.23652,3.181282
SILK,"Silk Road Medical, Inc.",3.85929,3.179341
HBIO,"Harvard Bioscience, Inc.",1.68395,3.177054
CENX,Century Aluminum Company,3.83645,3.164384
BTBT,"Bit Digital, Inc.",1.33891,3.159286
SHMD,SCHMID Group N.V. Class A,3.50446,3.153125
GLLI,Globalink Investment Inc.,3.44149,3.149798
LXEO,"Lexeo Therapeutics, Inc.",4.2608,3.149643
AQMS,"Aqua Metals, Inc.",0.2416,3.145695
ACDC,ProFrac Holding Corp. Class A,7.59849,1.116011
COLB,"Columbia Banking System, Inc.",23.94727,1.114115
CCBG,"Capital City Bank Group, Inc.",26.43222,1.113414
BANR,Banner Corporation,48.11556,1.113153
SLRN,"ACELYRIN, INC.",6.70649,1.112355
ATNI,"ATN International, Inc.",35.08567,1.11071
JOUT,Johnson Outdoors Inc. Class A,49.27813,1.109823
FBNC,First Bancorp,33.38313,1.108644
TRVI,"Trevi Therapeutics, Inc.",1.20888,1.108464
CAC,Camden National Corporation,33.98775,1.107164
SABS,"SAB Biotherapeutics, Inc.",6.21099,1.106909
EEIQ,EpicQuest Education Group International Limited,0.76205,1.106358
BCAL,California BanCorp,15.68677,1.106028
NUWE,"Nuwellis, Inc.",18.41632,1.103994
QCRH,"QCR Holdings, Inc.",52.93346,1.103083
HWC,Hancock Whitney Corporation,44.0519,1.103017
RBBN,"Ribbon Communications, Inc.",2.63106,1.102217
TRIN,"Trinity Capital, Inc.",13.19322,1.101323
ESGL,ESGL Holdings Limited,0.6324,1.100569
MBRX,"Moleculin Biotech, Inc.",11.70497,1.100046
HAIN,"Hain Celestial Group, Inc.",11.37644,1.099641
OSS,"One Stop Systems, Inc.",1.91577,1.096165
TOWN,TowneBank,27.23832,1.092578
ARKR,Ark Restaurants Corp.,13.95339,1.092208
BFST,"Business First Bancshares, Inc.",22.57547,1.091893
WBA,"Walgreens Boots Alliance, Inc.",23.18005,1.091887
FSBW,"FS Bancorp, Inc.",33.90635,1.090061
CZFS,"Citizens Financial Services, Inc.",58.82672,1.089288
BLNK,Blink Charging Co,3.11789,1.087274
NRBO,"NeuroBo Pharmaceuticals, Inc.",3.40092,1.086941
HBAN,Huntington Bancshares Incorporated,11.70943,1.086304
KOSS,Koss Corporation,3.40678,1.08607
ENTA,"Enanta Pharmaceuticals, Inc.",10.2918,1.08533
IPSC,"Century Therapeutics, Inc.",3.06203,1.084248
REFI,"Chicago Atlantic Real Estate Finance, Inc.",14.9393,1.083049
BOKF,BOK Financial Corporation,79.15446,1.082062
OTRK,"Ontrak, Inc.",0.37099,1.080892
NODK,"NI Holdings, Inc.",12.02146,1.080568
SYNH,"Syneos Health, Inc. Class A",33.96132,1.080052
BUSE,First Busey Corporation,23.02473,1.077971
SBLK,Star Bulk Carriers Corp.,19.75876,1.075978
LAKE,"Lakeland Industries, Inc.",16.76226,1.074437
DTI,Drilling Tools International Corporation,2.97932,1.074071
CSTR,"CapStar Financial Holdings, Inc.",17.46037,1.073288
PALT,"Paltalk, Inc.",2.18329,1.071777
SELF,"Global Self Storage, Inc.",4.32564,1.071518
FLWS,"1-800-FLOWERS.COM, Inc. Class A",7.28422,1.070808
FMAO,"Farmers & Merchants Bancorp, Inc.",23.16512,1.070575
TTMI,"TTM Technologies, Inc.",14.79844,1.068356
PEBK,"Peoples Bancorp of North Carolina, Inc.",28.97841,1.067691
BWEN,"Broadwind, Inc.",2.59752,1.066402
SPCB,SuperCom Ltd.,0.36235,1.065821
TWIN,"Twin Disc, incorporated",11.05481,1.065599
MRCY,"Mercury Systems, Inc.",25.35179,1.064619
UBSI,"United Bankshares, Inc.",35.35586,1.062059
RVYL,Ryvyl Inc.,3.91699,1.06204
HUDA,Hudson Acquisition I Corp.,9.98555,1.061534
CFFI,C&F Financial Corporation,64.27733,1.060872
IGIC,International General Insurance Holdings Ltd.,12.14529,1.060493
GAIN,Gladstone Investment Corporation,13.42951,1.059607
SMMF,"Summit Financial Group, Inc.",28.96375,1.0596
CALB,California BanCorp,23.38131,1.058965
HOLO,MicroCloud Hologram Inc.,3.35321,1.058389
BTCS,"BTCS, Inc.",1.54056,1.058057
PCSB,PCSB Financial Corporation,18.07399,1.056214
TCBI,"Texas Capital Bancshares, Inc.",61.3732,1.053066
ONCT,"Oncternal Therapeutics, Inc.",10.19403,1.051988
GTIM,Good Times Restaurants Inc.,2.84548,1.050789
FULT,Fulton Financial Corporation,15.67301,1.050213
WNW,Meiwu Technology Company Limited,3.22043,1.049549
EGIO,"Edgio, Inc.",43.07624,1.049302
QSI,Quantum-Si Incorporated Class A,1.91591,1.04911
XOS,"Xos, Inc.",7.60747,1.048969
ALLO,"Allogene Therapeutics, Inc.",3.06481,1.047373
PETS,"PetMed Express, Inc.",4.57336,1.04737
BWB,"Bridgewater Bancshares, Inc.",12.93746,1.045027
FRAF,Franklin Financial Services Corporation,30.22856,1.043715
VIGL,"Vigil Neuroscience, Inc.",3.2396,1.043339
ABVC,"ABVC BioPharma, Inc.",1.11325,1.041994
FMBH,"First Mid Bancshares, Inc.",33.28994,1.041155
ARCC,Ares Capital Corporation,19.2457,1.040752
SMBC,"Southern Missouri Bancorp, Inc.",43.33742,1.038594
ADV,Advantage Solutions Inc Class A,3.4891,1.037517
MLGO,"MicroAlgo, Inc.",8.79326,1.037158
APRE,"Aprea Therapeutics, Inc.",4.53706,1.035913
SPTN,SpartanNash Company,22.1837,1.034543
EML,Eastern Company,21.30814,1.032469
HIFS,Hingham Institution for Savings,188.50351,1.031281
ONEW,OneWater Marine Inc Class A,24.86864,1.030213
AGNC,AGNC Investment Corp.,9.5391,1.028399
SNES,"SenesTech, Inc.",12.35597,1.027843
GLAD,Gladstone Capital Corporation,18.78673,1.026256
HTZ,Hertz Global Holdings Inc,10.13178,1.025486
BIRD,"Allbirds, Inc. Class A",1.19469,1.025371
OCSL,Oaktree Specialty Lending Corporation,19.62789,1.025072
MEKA,MELI Kaszek Pioneer Corp. Class A,9.73904,1.024742
COWN,Cowen Inc Class A,37.69077,1.024654
TRMK,Trustmark Corporation,27.21164,1.024562
NWBI,"Northwest Bancshares, Inc.",12.20448,1.022575
ICLK,iClick Interactive Asia Group Ltd. Sponsored ADR,3.74911,1.021576
NECB,NorthEast Community Bancorp Inc,17.40402,1.019305
CRWS,"Crown Crafts, Inc.",5.0046,1.019063
CATC,Cambridge Bancorp,68.13795,1.018522
AWRE,"Aware, Inc.",1.63185,1.01725
FDUS,Fidus Investment Corporation,19.36576,1.016743
ERAS,"Erasca, Inc.",2.09601,1.016217
EFSC,Enterprise Financial Services Corp,43.94053,1.016146
GOGL,Golden Ocean Group Ltd,9.62735,1.013778
VOR,"Vor Biopharma, Inc.",2.22008,1.013477
FCNCA,"First Citizens BancShares, Inc. Class A",1403.15664,1.01127
OCX,Oncocyte Corporation,2.47764,1.009025
HFFG,"HF Foods Group, Inc.",5.2935,1.008784
PFIS,Peoples Financial Services Corp.,48.34955,1.007248
SCHL,Scholastic Corporation,36.05382,1.006273
KE,"Kimball Electronics, Inc.",21.85182,1.005866
RDUS,"Radius Recycling, Inc. Class A",33.01032,1.005746
LFWD,ReWalk Robotics Ltd.,5.41623,1.005109
UPLD,"Upland Software, Inc.",4.22269,1.001731
FATE,"Fate Therapeutics, Inc.",3.73542,1.001226
RCKY,"Rocky Brands, Inc.",30.15927,1.000687
EVTV,Envirotech Vehicles Inc,1.36,1
PINC,"Premier, Inc. Class A",18.6831,0.9992988
AVTX,Avalo Therapeutics Inc,9.11012,0.9988891
RELL,"Richardson Electronics, Ltd.",11.20378,0.9987701
FNCB,"FNCB Bancorp, Inc.",6.80238,0.99818
FFBC,First Financial Bancorp.,23.83797,0.9963097
STBA,"S&T Bancorp, Inc.",33.56921,0.9955552
MVBF,MVB Financial Corp.,22.68187,0.994627
ZUMZ,Zumiez Inc.,17.80921,0.9938678
ACT,Enact Holdings Inc,29.07136,0.9937615
SKYW,"SkyWest, Inc",52.54197,0.9934915
MERC,Mercer International Inc.,9.55145,0.9925194
FRME,First Merchants Corporation,37.40212,0.9913877
DTST,Data Storage Corporation,2.90553,0.9912133
KFFB,Kentucky First Federal Bancorp,6.2709,0.990735
FIBK,"First Interstate BancSystem, Inc.",31.05108,0.9903037
SLDB,Solid Biosciences Inc.,6.20412,0.9896649
FRBA,First Bank,14.85494,0.9895698
PRLD,"Prelude Therapeutics, Inc.",4.31746,0.9890074
NMFC,New Mountain Finance Corporation,12.87018,0.9883311
IREN,Iris Energy Ltd.,4.71618,0.9880878
SFBC,"Sound Financial Bancorp, Inc.",39.48103,0.9878162
IVAC,"Intevac, Inc.",4.37631,0.987133
BSRR,Sierra Bancorp,22.85392,0.9867016
ATYR,"aTyr Pharma, Inc.",1.4325,0.9842932
NIU,Niu Technologies Sponsored ADR Class A,2.22551,0.9840441
MRBK,Meridian Corporation,14.13054,0.983685
COOP,"Mr. Cooper Group, Inc.",66.28483,0.9824269
QDEL,QuidelOrtho Corporation,75.05097,0.9819993
AZPN,"Aspen Technology, Inc.",202.56999,0.9805501
LUCY,"Innovative Eyewear, Inc.",8.60683,0.9803842
PPIH,Perma-Pipe International Holdings Inc,8.19658,0.9796769
CARE,"Carter Bankshares, Inc.",15.3005,0.9783994
GBDC,"Golub Capital BDC, Inc.",15.02333,0.9764813
OB,"Outbrain, Inc.",4.48582,0.9764101
TIG,"Trean Insurance Group, Inc.",6.15001,0.9756082
INDB,Independent Bank Corp.,67.53058,0.9745215
HLP,"Hongli Group, Inc.",1.72465,0.9741107
ADTN,"ADTRAN Holdings, Inc.",7.54788,0.9724585
AUBN,"Auburn National Bancorporation, Inc.",21.8991,0.9717295
TTNP,"Titan Pharmaceuticals, Inc.",8.49773,0.9708475
BGLC,BioNexus Gene Lab Corp,0.54664,0.9695595
TCPC,BlackRock TCP Capital Corp.,11.90296,0.9695067
PPBI,"Pacific Premier Bancorp, Inc.",30.07071,0.9680516
OFS,OFS Capital Corp.,12.09159,0.9676147
QUBT,Quantum Computing Inc.,0.94599,0.9652322
FSUN,FirstSun Capital Bancorp,35.14321,0.9646245
FUNC,First United Corporation,24.37888,0.9643593
CGEM,"Cullinan Therapeutics, Inc.",10.57581,0.9635196
ATAI,ATAI Life Sciences N.V.,1.46339,0.9635159
NCMI,"National CineMedia, Inc.",4.48692,0.9627985
MNSB,"MainStreet Bancshares, Inc.",25.8062,0.9613969
THFF,First Financial Corporation,44.7626,0.9612936
SFST,"Southern First Bancshares, Inc.",38.63252,0.9603308
NXPL,NextPlat Corp,1.71881,0.9599665
IMKTA,"Ingles Markets, Incorporated Class A",78.50043,0.9596125
DATS,"DatChat, Inc.",2.99541,0.9581326
DGICA,Donegal Group Inc. Class A,14.60577,0.9578406
CNET,ZW Data Action Technologies Inc,0.86807,0.9561441
HYPR,"Hyperfine, Inc. Class A",1.1739,0.9540847
SIEB,Siebert Financial Corp.,1.76145,0.9537597
HMNF,"HMN Financial, Inc.",24.1609,0.9519513
RPAY,Repay Holdings Corp. Class A,8.97686,0.9513349
GEG,"Great Elm Group, Inc.",2.16072,0.9487578
CRDF,"Cardiff Oncology, Inc.",1.56096,0.9481345
ELSE,"Electro-Sensors, Inc.",4.01252,0.9470358
CFB,"CrossFirst Bankshares, Inc.",14.35351,0.9461101
MDRR,"Medalist Diversified REIT, Inc.",11.10574,0.945457
LUMO,"Lumos Pharma, Inc.",3.36992,0.9436426
ENVB,"Enveric Biosciences, Inc.",1.37771,0.9435948
TSBK,"Timberland Bancorp, Inc.",28.75549,0.9424287
DCOM,"Dime Community Bancshares, Inc.",28.58269,0.9421787
WVVI,"Willamette Valley Vineyards, Inc.",5.6898,0.9415796
PRPL,"Purple Innovation, Inc.",1.09397,0.9415249
BPRN,"Princeton Bancorp, Inc.",38.13278,0.9414472
PLUG,Plug Power Inc.,4.78131,0.9411647
PCB,PCB Bancorp,19.61587,0.9395454
NXL,"Nexalin Technology, Inc.",0.4312,0.9387755
AAWW,"Atlas Air Worldwide Holdings, Inc.",107.377,0.9387485
FNWB,First Northwest Bancorp,16.99356,0.9380024
CHK,Chesapeake Energy Corporation,82.03231,0.9379231
HTBI,"HomeTrust Bancshares, Inc.",28.75085,0.9363201
GPRO,"GoPro, Inc. Class A",3.70819,0.9357665
EPIX,ESSA Pharma Inc,3.30214,0.9357568
RWAY,Runway Growth Finance Corp.,13.50484,0.9344798
HBCP,"Home Bancorp, Inc.",45.03939,0.9327391
HONE,HarborOne Bancorp Inc,12.85778,0.9317316
AVT,"Avnet, Inc.",55.31415,0.9308649
IOBT,"IO Biotech, Inc.",2.02125,0.9301175
VRA,"Vera Bradley, Inc.",8.43552,0.9294033
THRX,"Theseus Pharmaceuticals, Inc.",5.35996,0.9291114
TITN,Titan Machinery Inc.,28.78318,0.9286674
HOLI,Hollysys Automation Technologies Ltd.,18.94828,0.9283165
ZKIN,"ZK International Group Co., Ltd.",0.76019,0.9273997
ONB,Old National Bancorp,18.22077,0.9269641
WILC,G. Willi-Food International Ltd,11.05936,0.9250083
BOTJ,"Bank of the James Financial Group, Inc.",13.21473,0.9247257
SHBI,"Shore Bancshares, Inc.",15.41349,0.9245148
MHLD,"Maiden Holdings, Ltd.",2.47989,0.9234281
PTEN,"Patterson-UTI Energy, Inc.",11.70318,0.9228261
CCNE,CNB Financial Corporation,24.57175,0.9193484
POWW,AMMO Inc,2.99171,0.9192067
ADD,"Color Star Technology Co., Ltd. Class A",1.52655,0.9171007
ROOT,"Root, Inc. Class A",11.42759,0.9170787
SBT,"Sterling Bancorp, Inc.",6.29385,0.916768
CBAN,"Colony Bankcorp, Inc.",14.51448,0.9163263
TRST,TrustCo Bank Corp NY,33.91875,0.9154229
ADVM,"Adverum Biotechnologies, Inc.",8.22898,0.9148157
ACRV,"Acrivon Therapeutics, Inc.",5.38103,0.9143231
AGFS,"AgroFresh Solutions, Inc.",3.2397,0.9136648
SSP,E. W. Scripps Company Class A,8.7481,0.9133412
DNTH,"Dianthus Therapeutics, Inc.",11.39651,0.91256
NITO,"N2OFF, Inc.",2.19253,0.9121882
GOEV,Canoo Inc. Class A,6.49014,0.9114749
CMAX,"CareMax, Inc. Class A",16.40795,0.9108999
KHC,Kraft Heinz Company,40.66174,0.9094545
MNPR,Monopar Therapeutics Inc,1.87452,0.9074323
BOOM,DMC Global Inc.,20.74523,0.9071965
PGC,Peapack-Gladstone Financial Corporation,32.90257,0.9063122
NEOG,Neogen Corp,14.51493,0.9059637
VRME,"VerifyMe, Inc.",1.23776,0.9048604
WHF,"WhiteHorse Finance, Inc.",13.62865,0.9025105
HTBK,Heritage Commerce Corp,11.00467,0.9014355
CLSK,"Cleanspark, Inc.",4.22777,0.9011843
CLAR,Clarus Corporation,7.65734,0.9004433
BNGO,"Bionano Genomics, Inc.",2.1017,0.899272
ACNT,Ascent Industries Co.,10.64011,0.898487
HSON,"Hudson Global, Inc.",17.29747,0.8955067
BWFG,"Bankwell Financial Group, Inc.",33.71368,0.8951856
GLBZ,Glen Burnie Bancorp,6.70395,0.8949798
RGP,"Resources Connection, Inc.",12.47953,0.8942645
LIVE,Live Ventures Inc,31.64493,0.8939821
HOOK,HOOKIPA Pharma Inc.,9.08104,0.8919683
GIFI,"Gulf Island Fabrication, Inc.",4.85736,0.8914307
QRTEA,"Qurate Retail, Inc. Class A",0.98277,0.8908494
STCN,"Steel Connect, Inc.",10.97897,0.8907939
SNPO,Snap One Holdings Corp.,10.00549,0.8905111
GRWG,GrowGeneration Corp.,2.82018,0.8900141
ULBI,Ultralife Corporation,7.66674,0.8895567
BKCC,BlackRock Capital Investment Corporation,4.35058,0.8895366
XRX,Xerox Holdings Corporation,20.61002,0.8893732
NVOS,"Novo Integrated Sciences, Inc.",1.57468,0.8890695
FCAP,"First Capital, Inc.",31.40665,0.8883469
NWPX,Northwest Pipe Company,34.08515,0.8877766
GIII,"G-III Apparel Group, Ltd.",33.90177,0.8875643
SHCR,"Sharecare, Inc. Class A",1.21703,0.8874062
ARTW,"Art's-Way Manufacturing Co., Inc.",2.32237,0.8870249
TXMD,"TherapeuticsMD, Inc.",2.53963,0.8859558
NXU,"Nxu, Inc. Class A",2.59979,0.8846868
RMBI,"Richmond Mutual Bancorporation, Inc.",13.0106,0.8846633
TLPH,"Talphera, Inc.",0.83203,0.8833816
LCNB,LCNB Corp.,17.86175,0.8828922
PFC,Premier Financial Corp.,27.30585,0.8825948
PWOD,"Penns Woods Bancorp, Inc.",25.51021,0.8823918
CYN,Cyngn Inc.,16.41898,0.8812971
SJ,Scienjoy Holding Corporation Class A,3.94879,0.8812826
PRAA,"PRA Group, Inc.",29.73761,0.8810392
HTLF,"Heartland Financial USA, Inc.",42.69143,0.880973
VBFC,Village Bank and Trust Financial Corp.,45.25216,0.8808419
BNR,Burning Rock Biotech Ltd. Sponsored ADR,10.57646,0.8793112
RSLS,"ReShape Lifesciences, Inc.",0.28405,0.8790706
CGBD,"Carlyle Secured Lending, Inc",17.01833,0.8790522
HBNC,"Horizon Bancorp, Inc.",16.29731,0.878059
MTRX,Matrix Service Company,6.70987,0.8778114
BFRI,"Biofrontera, Inc.",3.15822,0.8770763
GROW,"U.S. Global Investors, Inc. Class A",3.48962,0.8768863
HFWA,Heritage Financial Corporation,24.44437,0.8750481
IBTX,"Independent Bank Group, Inc.",58.19964,0.8742322
TBRG,"TruBridge, Inc.",12.82686,0.8731677
MSBI,"Midland States Bancorp, Inc.",31.61302,0.8717927
CBFV,"CB Financial Services, Inc.",27.31377,0.8717215
ATER,Aterian Inc,4.79894,0.8714424
BCML,BayCom Corp.,27.08524,0.8709541
WATT,Energous Corp.,2.10152,0.8707983
GT,Goodyear Tire & Rubber Company,16.449,0.8705696
JXJT,JX Luxventure Limited,1.53297,0.8694234
CCAP,"Crescent Capital BDC, Inc.",20.03678,0.8674048
OCC,Optical Cable Corporation,3.13185,0.8656545
WAVE,Eco Wave Power Global AB Sponsored ADR,1.43264,0.865535
QNRX,Quoin Pharmaceuticals. Ltd Sponsored ADR,5.73737,0.8549213
WMPN,"William Penn Bancorp, Inc.",13.33501,0.8548925
CPIX,Cumberland Pharmaceuticals Inc.,2.09629,0.8547004
HSCS,"Heart Test Laboratories, Inc.",10.81428,0.8544258
LARK,"Landmark Bancorp, Inc.",23.16966,0.85435
SSBI,Summit State Bank,14.39808,0.8542806
LICN,Lichen China Ltd. Class A,2.31774,0.8542805
TSRI,"TSR, Inc.",7.55474,0.8537686
VNET,"VNET Group, Inc. Sponsored ADR",3.36163,0.8537525
OPBK,OP Bancorp,12.84136,0.8527134
PKBK,"Parke Bancorp, Inc.",23.74832,0.8526919
VIR,"Vir Biotechnology, Inc.",11.79864,0.8526406
WHLM,"Wilhelmina International, Inc.",4.82729,0.8524452
CREX,"Creative Realities, Inc.",2.76981,0.852044
LILAK,Liberty Latin America Ltd. Class C,8.61505,0.8519974
RLYB,Rallybio Corporation,2.80691,0.8514701
VLY,Valley National Bancorp,12.78624,0.8493506
EQRX,"EQRx, Inc.",2.90148,0.8478432
IFRX,InflaRx N.V.,1.92443,0.8470044
TSVT,"2seventy Bio, Inc.",5.04227,0.8468408
FBRX,Forte Biosciences Inc.,0.9719,0.8454574
SBFG,SB Financial Group Inc,18.3703,0.8445697
AFBI,"Affinity Bancshares, Inc.",18.93767,0.8432928
EBC,"Eastern Bankshares, Inc.",16.86168,0.8421462
UGRO,urban-gro Inc,1.66246,0.8421255
MCVT,"Mill City Ventures III, Ltd.",2.91144,0.8415423
OPK,"OPKO Health, Inc.",1.79652,0.8405139
PATI,"Patriot Transportation Holding, Inc.",9.73518,0.839738
ATSG,"Air Transport Services Group, Inc.",20.97918,0.8394036
FGF,Fundamental Global Inc.,1.90616,0.8393839
HAFC,Hanmi Financial Corporation,23.11235,0.8393781
SGRP,"SPAR Group, Inc.",1.20355,0.8391841
WSBF,"Waterstone Financial, Inc.",16.93624,0.8384387
MNY,MoneyHero Limited,2.05225,0.8381045
NICK,"Nicholas Financial, Inc.",8.07271,0.8373892
OPOF,Old Point Financial Corporation,21.4137,0.8373144
SLGC,"SomaLogic, Inc. Class A",2.99794,0.8372416
CBAT,"CBAK Energy Technology, Inc.",1.25473,0.8368334
OFIX,"Orthofix Medical, Inc.",16.11005,0.8367447
GHSI,"Guardion Health Sciences, Inc.",6.38786,0.8359607
TCBS,"Texas Community Bancshares, Inc.",16.90765,0.8348292
ABOS,"Acumen Pharmaceuticals, Inc.",4.6101,0.8329538
STBX,Starbox Group Holdings Ltd. Class A,1.24913,0.8325795
LQR,LQR House Inc.,3.02732,0.8324195
LBC,Luther Burbank Corporation,13.36386,0.8313466
NVVE,Nuvve Holding Corp.,0.14979,0.8311637
SLRC,SLR Investment Corp.,18.08534,0.8310599
BBLG,Bone Biologics Corp.,5.4402,0.8308518
SYBX,Synlogic Inc,4.6434,0.8291338
LENZ,"LENZ Therapeutics, Inc.",22.15324,0.8278699
NTRP,"NextTrip, Inc.",9.66722,0.8277457
VBTX,"Veritex Holdings, Inc.",28.18125,0.8257263
NKTR,Nektar Therapeutics,0.68442,0.8255165
NTCT,"NetScout Systems, Inc.",26.49795,0.8242147
BFIN,BankFinancial Corporation,12.45467,0.8237874
RUN,Sunrun Inc.,23.83965,0.8234181
LBAI,"Lakeland Bancorp, Inc.",17.98192,0.8224928
CFBK,CF Bankshares Inc,23.73731,0.8214915
WNEB,"Western New England Bancorp, Inc.",10.95727,0.8213724
BRTX,"BioRestorative Therapies, Inc.",2.12249,0.8197447
ESEA,Euroseas Ltd.,38.00437,0.8196426
GECC,Great Elm Capital Corp,12.98863,0.819563
SMSI,"Smith Micro Software, Inc.",8.06484,0.8193591
PSNL,"Personalis, Inc.",2.56417,0.8189785
PDLB,Ponce Financial Group Inc,11.91935,0.8188366
TURN,180 Degree Capital Corp,5.02175,0.8164485
SGA,"Saga Communications, Inc. Class A",27.27475,0.8161395
NCNA,NuCana plc Sponsored ADR,9.06122,0.8161153
USAP,"Universal Stainless & Alloy Products, Inc.",24.60908,0.815959
BRKL,"Brookline Bancorp, Inc.",13.37121,0.8159322
BNOX,Bionomics Ltd ADR,2.70415,0.8135644
CRKN,Crown ElectroKinetics Corp.,27.25084,0.8119016
LVTX,LAVA Therapeutics NV,1.94674,0.8116131
SCSC,"ScanSource, Inc.",36.439,0.8112187
BMRC,Bank of Marin Bancorp,27.17235,0.8103826
BVFL,"BV Financial, Inc.",17.49898,0.810333
LASE,Laser Photonics Corp.,1.45692,0.8099278
CLWT,Euro Tech Holdings Co. Ltd.,2.02566,0.8096127
TENX,"Tenax Therapeutics, Inc.",27.14926,0.8091565
ESGR,Enstar Group Limited,364.22417,0.8081562
FIP,FTAI Infrastructure Incorporation,4.81451,0.8079742
NTGR,"NETGEAR, Inc.",18.08144,0.8063517
BOSC,BOS Better Online Solutions Ltd,3.27748,0.8054969
MOFG,"MidWestOne Financial Group, Inc.",33.41199,0.8053995
DRIO,DarioHealth Corp.,2.13829,0.8043811
PVBC,Provident Bancorp Inc,12.55281,0.8022108
NFBK,"Northfield Bancorp, Inc.",15.70906,0.8008118
STSS,"Sharps Technology, Inc.",0.51945,0.8006545
PTMN,Portman Ridge Finance Corporation,22.75551,0.7993668
CNOB,"ConnectOne Bancorp, Inc.",28.70456,0.798131
ILAG,Intelligent Living Application Group Incorporation,0.90822,0.7977141
SLGL,Sol-Gel Technologies Ltd.,1.3872,0.7965688
VCSA,"Vacasa, Inc. Class A",10.29435,0.7965534
NISN,"NiSun International Enterprise Development Group Co., Ltd. Class A",5.02924,0.7953488
BSET,"Bassett Furniture Industries, Inc.",20.92112,0.7948905
NTWK,"NetSol Technologies, Inc.",2.97965,0.7920393
SRTS,"Sensus Healthcare, Inc.",2.98287,0.7911843
FLIC,First of Long Island Corporation,16.82736,0.7868139
GRCL,Gracell Biotechnologies Inc. Sponsored ADR Class A,2.92326,0.7867928
FRST,Primis Financial Corp.,16.09068,0.7867908
RBKB,"Rhinebeck Bancorp, Inc.",10.26723,0.7840479
PACW,PacWest Bancorp,29.30001,0.7832762
MYFW,"First Western Financial, Inc.",25.33487,0.7827157
SILC,Silicom Ltd.,23.14596,0.7819939
MVST,"Microvast Holdings, Inc.",1.79104,0.7816687
SWKH,SWK Holdings Corporation,22.4292,0.7815704
AMCX,AMC Networks Inc. Class A,24.05939,0.780984
SGLY,Singularity Future Technology Ltd.,6.3113,0.7801879
WAFD,"WaFd, Inc.",32.84719,0.7799754
WSBC,"WesBanco, Inc.",40.22771,0.7798107
SNT,Senstar Technologies Corporation,1.61677,0.7793316
BSBK,Bogota Financial Corp.,10.32991,0.7792904
SDOT,Sadot Group Inc.,0.51455,0.77835
CIVB,"Civista Bancshares, Inc.",23.7013,0.7780164
CRMT,"America's Car-Mart, Inc.",73.6003,0.7777142
ADTH,"AdTheorent Holding Company, Inc.",1.86709,0.7766096
RENB,Renovaro Inc.,0.73004,0.7761219
ALCO,"Alico, Inc.",32.19097,0.7753727
CXAI,CXApp Inc. Class A,1.66496,0.7747934
UVSP,Univest Financial Corporation,28.43643,0.7747105
TA,TravelCenters of America Inc.,57.80907,0.7746189
WAFU,Wah Fu Education Group Ltd.,2.51116,0.7725514
SASR,"Sandy Spring Bancorp, Inc.",35.35997,0.7703626
RFIL,"RF Industries, Ltd.",3.84426,0.7699791
AFCG,"AFC Gamma, Inc.",15.64459,0.7689559
AEMD,"Aethlon Medical, Inc.",2.19275,0.7661612
NAVI,Navient Corp,24.31626,0.7657428
FFNW,"First Financial Northwest, Inc.",17.61096,0.7654324
BRNS,Barinthus Biotherapeutics plc Sponsored ADR,4.82558,0.7646749
WLFC,Willis Lease Finance Corporation,64.09155,0.762659
SANW,S&W Seed Company,1.59976,0.7626144
OVBC,Ohio Valley Banc Corp.,30.17034,0.7623381
VLGEA,"Village Super Market, Inc. Class A",30.65316,0.7607698
WORX,SCWorx Corp.,7.81276,0.7602947
NBBK,"NB Bancorp, Inc.",17.74841,0.7578143
LSBK,"Lake Shore Bancorp, Inc.",15.45243,0.7578096
ADIL,"Adial Pharmaceuticals, Inc.",2.4549,0.7576683
GTEC,Greenland Technologies Holding Corporation,3.68385,0.7573598
SWIM,Latham Group Inc,3.47518,0.7567953
BLIN,"Bridgeline Digital, Inc.",1.10006,0.7552316
FLGT,"Fulgent Genetics, Inc.",38.31319,0.7545704
ZFOX,ZeroFox Holdings Inc,1.16552,0.7534834
LYEL,"Lyell Immunopharma, Inc.",2.57898,0.7522354
MRCC,Monroe Capital Corp.,9.40294,0.7513608
FISI,"Financial Institutions, Inc.",28.39569,0.7501138
WIMI,WiMi Hologram Cloud Inc. ADR Class B,1.08107,0.7492577
MLVF,"Malvern Bancorp, Inc.",19.18369,0.7490738
DLTH,"Duluth Holdings, Inc. Class B",6.54986,0.7481076
EBMT,"Eagle Bancorp Montana, Inc.",21.11483,0.7478156
AMAM,"Ambrx Biopharma, Inc.",3.05023,0.7442062
FTFT,Future FinTech Group Inc.,2.46614,0.7420503
MPB,"Mid Penn Bancorp, Inc.",32.72352,0.741974
NYMT,"New York Mortgage Trust, Inc.",11.51544,0.7407446
IAC,IAC Inc.,70.75178,0.7403347
TIVC,"Tivic Health Systems, Inc.",2.44187,0.73714
FNWD,Finward Bancorp,34.27606,0.736374
BRID,Bridgford Foods Corporation,14.27095,0.7357604
LSEA,Landsea Homes Corporation,17.87684,0.7350292
CNVS,Cineverse Corp. Class A,1.89272,0.7343928
CYCN,"Cyclerion Therapeutics,Inc.",4.56236,0.7342691
ASRT,"Assertio Holdings, Inc.",1.45775,0.7340079
CTHR,"Charles & Colvard, Ltd.",13.03072,0.7328835
FTEK,"Fuel Tech, Inc.",1.43616,0.7311163
GAIA,"Gaia, Inc. Class A",3.69369,0.7309763
SPRO,"Spero Therapeutics, Inc.",2.01688,0.7288485
LPCN,Lipocine Inc,3.83185,0.7281078
SLE,"Super League Enterprise, Inc.",2.09253,0.7263934
SFNC,Simmons First National Corporation Class A,27.37159,0.7248392
CPSS,"Consumer Portfolio Services, Inc.",12.97142,0.7223573
NSYS,Nortech Systems Incorporated,13.04303,0.7222248
JZXN,"Jiuzi Holdings, Inc.",1.04038,0.7208905
GRIN,Grindrod Shipping Holdings Ltd.,12.50255,0.720653
ALTO,"Alto Ingredients, Inc.",3.69275,0.7203304
LAND,Gladstone Land Corp.,20.07891,0.7196606
FCEL,"FuelCell Energy, Inc.",1.51537,0.7192963
UONE,Urban One Inc Class A,5.60724,0.7187136
ICCH,"ICC Holdings, Inc.",21.34567,0.716773
IKT,"Inhibikase Therapeutics, Inc.",1.77456,0.7156703
PBBK,"PB Bankshares, Inc.",17.53342,0.7152056
PBHC,"Pathfinder Bancorp, Inc.",19.59072,0.7151345
ATHA,"Athira Pharma, Inc.",3.41051,0.7125034
HOTH,"Hoth Therapeutics, Inc.",2.02738,0.7102763
FFIC,Flushing Financial Corporation,23.2052,0.7101856
ESSA,"ESSA Bancorp, Inc.",21.13656,0.7101439
FONR,Fonar Corporation,24.08161,0.7100854
CARA,Cara Therapeutics Inc,1.0478,0.7091048
HNVR,Hanover Bancorp Inc,25.51371,0.7090306
EGBN,"Eagle Bancorp, Inc.",42.58169,0.7078159
ECBK,"ECB Bancorp, Inc.",17.74692,0.7077284
VRM,"Vroom, Inc.",68.19179,0.70683
PMVP,"PMV Pharmaceuticals, Inc.",4.38692,0.7066461
SEVN,Seven Hills Realty Trust,18.31345,0.7065845
CZWI,"Citizens Community Bancorp, Inc.",16.60193,0.7053397
BRY,Berry Corporation,10.0172,0.7017929
KNTE,"Kinnate Biopharma, Inc.",3.38099,0.7009781
NWLI,"National Western Life Group, Inc. Class A",689.96329,0.7000662
KVHI,"KVH Industries, Inc.",7.51484,0.6999484
OST,"Ostin Technology Group Co., Ltd. Class A",0.99655,0.6974061
ELYM,"Eliem Therapeutics, Inc.",3.88452,0.6950666
SWAG,"Stran & Company, Inc",2.13388,0.6935723
RBB,RBB Bancorp,27.46967,0.6931281
UFCS,"United Fire Group, Inc.",29.03639,0.6929236
BCBP,"BCB Bancorp, Inc.",18.57838,0.6916642
KXIN,Kaixin Holdings,1.27455,0.6904398
SENEA,Seneca Foods Corporation Class A,82.5149,0.6895725
GRRR,"Gorilla Technology Group, Inc.",0.78568,0.6865391
AMPG,"AmpliTech Group, Inc.",2.74635,0.6845449
HOPE,"Hope Bancorp, Inc.",17.65837,0.6840948
EDTK,Skillful Craftsman Education Technology Ltd.,1.39154,0.6826969
ITOS,"iTeos Therapeutics, Inc.",16.05075,0.6822111
BHF,"Brighthouse Financial, Inc.",77.83841,0.67987
LRFC,Logan Ridge Finance Corporation,33.34021,0.6781601
CSIQ,Canadian Solar Inc.,38.68337,0.6780692
SILO,Silo Pharma Inc,2.12538,0.6775259
GLRE,"Greenlight Capital Re, Ltd. Class A",16.86899,0.6769819
UEIC,Universal Electronics Inc.,13.88426,0.6763054
MFIN,Medallion Financial Corp.,14.62649,0.6734357
APEI,"American Public Education, Inc.",14.33082,0.6733739
BTOG,Bit Origin Limited,3.03484,0.6733469
SHIP,Seanergy Maritime Holdings Corp.,11.63378,0.67304
PIRS,"Pieris Pharmaceuticals, Inc.",21.63683,0.6729267
CCEC,Capital Clean Energy Carriers Corp.,21.11312,0.6725675
PSEC,Prospect Capital Corporation,9.2385,0.6711046
CYTO,Altamira Therapeutics Ltd.,5.19282,0.6701561
FSFG,"First Savings Financial Group, Inc.",21.98607,0.6697513
HFBL,"Home Federal Bancorp, Inc. of Louisiana",16.79395,0.6695864
BLFY,Blue Foundry Bancorp,14.51003,0.6664355
ABIO,"ARCA biopharma, Inc.",2.5529,0.6659093
KINS,Kingstone Companies Incorporated,3.20167,0.6652778
HUIZ,Huize Holding Ltd. Sponsored ADR Class A,1.35376,0.664815
LOGC,"ContextLogic, Inc. Class A",8.95621,0.6643435
COCP,Cocrystal Pharma Inc,2.59328,0.6641011
AHCO,AdaptHealth Corp.,10.996,0.6629683
KPRX,"Kiora Pharmaceuticals, Inc.",7.13592,0.6588639
PROV,"Provident Financial Holdings, Inc.",18.97553,0.6587431
BGM,Qilian International Holding Group Limited Class A,1.19698,0.6576718
PRFX,PainReform Ltd.,4.1884,0.6565753
JCTCF,Jewett-Cameron Trading Company Ltd.,6.88712,0.6562976
TCBX,Third Coast Bancshares Inc,30.27675,0.6562791
THAR,"Tharimmune, Inc.",11.66729,0.6543936
RAYA,Erayak Power Solution Group Incorporation Class A,1.68351,0.6533968
LKCO,Luokung Technology Corp.,6.95148,0.6533859
MGYR,Magyar Bancorp Inc,15.7008,0.652833
FUSB,"First US Bancshares, Inc.",15.79631,0.6526841
LYT,Lytus Technologies Holdings Private Limited,7.0938,0.6526826
VIA,"Via Renewables, Inc. Class A",14.41519,0.6520899
AKLI,"Akili, Inc.",0.747,0.652075
IMAB,I-MAB Sponsored ADR,2.9191,0.6508855
JRVR,James River Group Holdings Ltd,14.20294,0.6505696
CMTL,Comtech Telecommunications Corp.,15.61842,0.6505139
CETX,"Cemtrex, Inc.",7.34878,0.6504481
BSQR,BSQUARE Corporation,1.74054,0.6499133
HUDI,"Huadi International Group Co., Ltd. Class A",5.21832,0.647718
FGI,FGI Industries Ltd.,2.53266,0.6475405
AMRN,Amarin Corporation Plc Sponsored ADR,1.35045,0.6442297
IROQ,"IF Bancorp, Inc.",22.41815,0.6441209
CNTB,Connect Biopharma Holdings Ltd. Sponsored ADR,1.83371,0.6435041
TECX,Tectonic Therapeutic Inc,25.45949,0.6410183
ISTR,Investar Holding Corp,23.26287,0.6409355
PYXS,"Pyxis Oncology, Inc.",2.80872,0.6408613
FGBI,"First Guaranty Bancshares, Inc.",17.35997,0.6405541
RVSB,"Riverview Bancorp, Inc.",7.36998,0.6404359
PRPO,"Precipio, Inc.",10.16037,0.6397405
SNFCA,Security National Financial Corporation Class A,13.43664,0.6379147
STSA,"Satsuma Pharmaceuticals, Inc.",1.41238,0.6372223
VS,Versus Systems Inc,4.76629,0.6357146
VTRS,"Viatris, Inc.",17.04544,0.6353605
TLF,"Tandy Leather Factory, Inc.",6.70846,0.6350191
LCUT,"Lifetime Brands, Inc.",10.58434,0.6339554
VOXX,VOXX International Corporation Class A,13.42775,0.6330174
GORV,"Lazydays Holdings, Inc.",11.16241,0.631584
BAFN,BayFirst Financial Corp,20.6733,0.6310071
SMX,SMX (Security Matters) Public Limited Company Class A,84.49909,0.630273
RZLT,"Rezolute, Inc.",3.15453,0.6276688
SCTL,"Societal CDMO, Inc.",0.55946,0.626497
DBTX,"Decibel Therapeutics, Inc.",3.27637,0.6256925
INGN,"Inogen, Inc.",8.78089,0.6252214
SMTK,"SmartKem, Inc.",9.11913,0.6250597
MULN,"Mullen Automotive, Inc.",72.76194,0.6239526
AEHL,Antelope Enterprise Holdings Limited Class A,4.16291,0.6231218
COSM,Cosmos Health Inc,2.26743,0.6218494
OCFC,OceanFirst Financial Corp.,27.94326,0.6212589
CFFN,"Capitol Federal Financial, Inc.",7.68046,0.6210566
BOXL,Boxlight Corporation Class A,1.72611,0.619891
PMCB,"PharmaCyte Biotech, Inc.",3.43977,0.6163203
MOMO,Hello Group Inc. Sponsored ADR,11.29542,0.6152936
WBD,"Warner Bros. Discovery, Inc. Series A",18.54285,0.6137136
SSIC,Silver Spike Investment Corp.,13.76564,0.6131208
CELZ,"Creative Medical Technology Holdings, Inc.",7.53029,0.6121942
AYRO,"AYRO, Inc.",2.87708,0.6117314
UTSI,UTStarcom Holdings Corp.,5.63781,0.610166
CLST,"Catalyst Bancorp, Inc.",17.77971,0.6096838
KELYA,"Kelly Services, Inc. Class A",35.51558,0.6087469
EZPW,"EZCORP, Inc. Class A",13.59904,0.6066605
KNDI,"Kandi Technologies Group, Inc.",4.6266,0.6051961
NSTS,"NSTS Bancorp, Inc.",15.73863,0.6042457
GLTO,"Galecto, Inc.",1.19247,0.6037888
RPHM,Reneo Pharmaceuticals Inc,2.65134,0.6034684
GBNY,"Generations Bancorp NY, Inc.",16.86041,0.6014088
KOD,"Kodiak Sciences, Inc.",5.06167,0.6005923
OBLG,"Oblong, Inc.",13.18823,0.6005355
VTYX,"Ventyx Biosciences, Inc.",4.1176,0.599864
REVB,"Revelation Biosciences, Inc.",25.12937,0.5977468
SOHO,Sotherly Hotels Inc.,2.49739,0.5966229
TSBX,Turnstone Biologics Corp.,4.27142,0.5958206
FRLN,Freeline Therapeutics Holdings Plc Sponsored ADR,12.05255,0.5912856
HNNA,"Hennessy Advisors, Inc.",11.4393,0.5909452
NAOV,"NanoVibronix, Inc.",1.94888,0.5900825
FSEA,"First Seacoast Bancorp, Inc.",13.1211,0.5860789
JRSH,"Jerash Holdings (US), Inc.",5.23686,0.5843196
CFSB,"CFSB Bancorp, Inc",11.46602,0.5830271
BGFV,Big 5 Sporting Goods Corporation,10.89171,0.5820941
HURC,"Hurco Companies, Inc.",34.3897,0.5815695
FREE,Whole Earth Brands Inc Class A,5.87327,0.5805965
CLRO,"ClearOne, Inc.",1.86427,0.5800662
CCLD,"CareCloud, Inc.",2.62662,0.5786905
ACTG,Acacia Research Corporation,6.78836,0.577459
ABAT,American Battery Technology Co.,20.00991,0.5772139
SOGP,Sound Group Inc. ADR,10.91715,0.5770737
INBK,First Internet Bancorp,41.96854,0.5763841
VEEE,Twin Vee PowerCats Co.,2.46966,0.5749779
ORMP,Oramed Pharmaceuticals Inc.,4.06111,0.56881
TESS,TESSCO Technologies Incorporated,7.90497,0.566732
JBLU,JetBlue Airways Corporation,9.84366,0.5638147
WOOF,"Petco Health & Wellness Company, Inc. Class A",4.40395,0.5631308
AOUT,"American Outdoor Brands, Inc.",13.90271,0.5624803
NBSE,NeuBase Therapeutics Inc,14.052,0.5621976
IKNA,"Ikena Oncology, Inc.",3.51769,0.5600266
XWEL,"XWELL, Inc.",3.1108,0.5593417
PRDS,Pardes Biosciences Inc,3.02633,0.5584322
GOCO,GoHealth Inc Class A,23.93679,0.5573011
REE,REE Automotive Ltd. Class A,9.23717,0.5564475
XBIT,"XBiotech, Inc.",7.19014,0.5563174
MPAA,"Motorcar Parts of America, Inc.",14.50028,0.554472
KRKR,36Kr Holdings Inc ADR Class A,1.01042,0.554225
ARQ,"Arq, Inc.",5.37788,0.5541217
RAND,Rand Capital Corporation,23.56246,0.5513006
DGLY,"Digital Ally, Inc.",3.84722,0.5510473
ZYNE,Zynerba Pharmaceuticals Inc,0.9652,0.549109
BCAN,Femto Technologies Inc.,117.92746,0.5477942
SOLO,ElectraMeccanica Vehicles Corp.,0.61246,0.547627
TOUR,Tuniu Corp. Sponsored ADR Class A,1.23123,0.5449834
USEG,U.S. Energy Corp.,1.83636,0.54461
ADTX,"Aditxt, Inc.",12.17388,0.5446086
BCOW,1895 Bancorp of Wisconsin Inc,12.87668,0.5428418
XBIO,"Xenetic Biosciences, Inc.",6.35681,0.5427408
ASRV,"AmeriServ Financial, Inc.",5.96462,0.5423648
POLA,"Polar Power, Inc.",0.75101,0.5423363
ALGS,"Aligos Therapeutics, Inc.",30.65373,0.5415328
DSGN,"Design Therapeutics, Inc.",4.91711,0.5389345
GBIO,Generation Bio Co.,3.06814,0.5377851
PFX,PhenixFIN Corporation,70.74534,0.5357243
ASTC,Astrotech Corporation,26.59109,0.5325092
SURF,"Surface Oncology, Inc.",1.54184,0.5318321
ALVR,AlloVir Inc,1.27916,0.5314425
QNCX,"Quince Therapeutics, Inc.",1.97993,0.5303218
AXTI,"AXT, Inc.",4.53123,0.5296575
FRZA,"Forza X1, Inc.",1.01687,0.5261735
SPWH,"Sportsman's Warehouse Holdings, Inc.",7.04938,0.5248688
BJDX,"Bluejay Diagnostics, Inc.",18.6894,0.5222211
ACST,Acasti Pharma Inc. Class A,6.56882,0.5214026
BTCT,BTC Digital Ltd.,9.26898,0.520014
LDWY,"Lendway, Inc.",8.91107,0.517334
SLDP,"Solid Power, Inc. Class A",2.81176,0.5156912
GV,Visionary Holdings Inc.,0.34615,0.5156721
CHEK,Check-Cap Ltd.,4.04868,0.5137477
SRZN,Surrozen Inc,18.38827,0.5111955
APM,Aptorum Group Limited Class A,4.795,0.510657
XELB,"XCel Brands, Inc.",2.5275,0.5103858
RTL,"Necessity Retail REIT, Inc. Class A",11.65743,0.5086884
API,"Agora, Inc. Sponsored ADR Class A",5.17427,0.5082843
KRNY,Kearny Financial Corp.,12.10032,0.508251
ZCMD,"Zhongchao, Inc. Class A",0.69131,0.5078763
IMTE,Integrated Media Technology Limited,1.36414,0.5040538
GEVO,"Gevo, Inc.",2.31763,0.5005113
IZEA,"IZEA Worldwide, Inc.",4.02268,0.4996669
PASG,"Passage Bio, Inc.",2.02538,0.4986719
CPBI,"Central Plains Bancshares, Inc.",20.50814,0.4983387
VINO,"Gaucho Group Holdings, Inc.",1.18471,0.4980122
LIDR,"AEye, Inc. Class A",4.59946,0.4978845
SNCE,"Science 37 Holdings, Inc.",16.72839,0.4964016
SSSS,SuRo Capital Corp.,7.99179,0.493006
NAII,"Natural Alternatives International, Inc.",14.61553,0.4926267
EDRY,Eurodry Ltd.,38.71686,0.4920337
NNDM,Nano Dimension Ltd Sponsored ADR,4.91254,0.4885456
ONFO,"Onfolio Holdings, Inc.",1.04599,0.4875764
MRIN,"Marin Software, Inc.",4.53023,0.4854058
STHO,Star Holdings,30.89849,0.4848133
SLRX,"Salarius Pharmaceuticals, Inc.",10.73987,0.4841772
PALI,"Palisade Bio, Inc.",18.30082,0.4835849
CODX,"Co-Diagnostics, Inc.",2.75158,0.4833587
QTTB,Q32 Bio Inc,22.64558,0.4832731
PETZ,"TDH Holdings, Inc.",2.38479,0.4822228
ACET,Adicet Bio Inc,3.93283,0.48057
ORTX,Orchard Therapeutics Plc Sponsored ADR,7.74054,0.4792947
NGM,"NGM Biopharmaceuticals, Inc.",1.79283,0.4791307
MICS,"Singing Machine Company, Inc.",3.26159,0.478325
TORO,Toro Corp.,10.28733,0.4782582
IMNN,"Imunon, Inc.",1.42425,0.4774443
DDI,"DoubleDown Interactive Co., Ltd. Sponsored ADR",15.45014,0.4756915
ACRS,"Aclaris Therapeutics, Inc.",2.21707,0.473598
AADI,"Aadi Biosciences, Inc.",4.28419,0.471501
AGAE,Allied Gaming & Entertainment Inc.,2.24829,0.4714694
SNDL,SNDL Inc.,3.49807,0.46883
YY,"JOYY, Inc. Sponsored ADR Class A",84.71962,0.4686046
ISPC,iSpecimen Inc,1.07241,0.4667991
AAME,Atlantic American Corporation,5.25529,0.4662159
TUSK,"Mammoth Energy Services, Inc.",9.59708,0.4647247
BYFC,Broadway Financial Corporation,14.63475,0.4637387
KRON,Kronos Bio Inc,2.69871,0.4631843
LSTA,"Lisata Therapeutics, Inc.",5.9078,0.462101
ILPT,Industrial Logistics Properties Trust,10.17496,0.4619183
NCSM,"NCS Multistage Holdings, Inc.",37.49083,0.460646
CFMS,Conformis Inc,7.2215,0.4597383
SCKT,"Socket Mobile, Inc.",2.5236,0.4596608
AVIR,"Atea Pharmaceuticals, Inc.",6.65414,0.4583613
EMKR,EMCORE Corporation,10.41267,0.4566552
PDYN,Palladyne AI Corp.,1.58069,0.4563197
PXS,"Pyxis Tankers, Inc.",9.15718,0.4553803
CEMI,"Chembio Diagnostics, Inc.",0.4841,0.4538319
VSAT,"ViaSat, Inc.",39.93219,0.453018
SPRC,SciSparc Ltd.,10.77428,0.4529305
SNTI,"Senti Biosciences, Inc.",14.64174,0.4507661
CPOP,"Pop Culture Group Co., Ltd. Class A",1.1123,0.449519
VNDA,Vanda Pharmaceuticals Inc.,9.47101,0.4455702
CMRX,"Chimerix, Inc.",2.17059,0.4434278
SRBK,"SR Bancorp, Inc.",20.9807,0.4408814
WETH,Wetouch Technology Inc.,11.60189,0.4395835
JFBR,Jeffs' Brands Ltd.,7.00199,0.4355904
TLRY,"Tilray Brands, Inc.",4.13848,0.4349423
OPHC,"OptimumBank Holdings, Inc.",9.65585,0.4330846
OTMO,Otonomo Technologies Ltd.,14.10641,0.432782
CLPS,CLPS Incorporation,2.73068,0.4321268
PARA,Paramount Global Class B,34.49617,0.4287432
CMMB,Chemomab Therapeutics Ltd. Sponsored ADR,1.19658,0.4262147
GASS,StealthGas Inc.,15.20832,0.4247675
SNOA,"Sonoma Pharmaceuticals, Inc.",0.39321,0.4229292
BHIL,"Benson Hill, Inc.",14.45095,0.4209412
EMBK,"Embark Technology, Inc.",7.90347,0.4162728
ELEV,"Elevation Oncology, Inc.",1.29198,0.4156411
XLO,Xilio Therapeutics Inc,1.33394,0.4123124
EHTH,"eHealth, Inc.",21.16843,0.4119342
CSTE,Caesarstone Ltd.,9.12356,0.4099277
BFI,"BurgerFi International, Inc.",2.13359,0.4030297
JFIN,"Jiayin Group, Inc. Sponsored ADR Class A",12.90241,0.4014754
AREB,"American Rebel Holdings, Inc.",0.77687,0.3987797
CURI,CuriosityStream Inc Class A,1.36332,0.3961653
DXYN,"Dixie Group, Inc.",1.88604,0.3947424
SY,"So-Young International, Inc. Sponsored ADR Class A",3.2791,0.3934006
AIMD,Ainos Inc,5.22631,0.3922462
TBNK,Territorial Bancorp Inc.,28.44647,0.3919643
VSTA,Vasta Platform Ltd. Class A,11.48571,0.3878733
DHC,Diversified Healthcare Trust,9.71988,0.3847784
PFIN,"P&F Industries, Inc. Class A",13.13588,0.3844432
DOGZ,Dogness (International) Corp. Class A,1.9027,0.3836654
CARV,Carver Bancorp Inc.,4.00224,0.3822859
ARTL,Artelo Biosciences Inc,3.68522,0.379896
BOLT,"Bolt Biotherapeutics, Inc.",2.95795,0.3786406
DSWL,"Deswell Industries, Inc.",5.90954,0.378202
SLNH,"Soluna Holdings, Inc.",10.58061,0.37805
LMNL,Liminal BioSciences Inc.,8.60852,0.3775332
PULM,Pulmatrix Inc,4.92705,0.3775078
DRMA,"Dermata Therapeutics, Inc.",24.25061,0.3773101
MURA,Mural Oncology Plc,15.80714,0.3745143
NTBL,"Notable Labs, Ltd.",0.32188,0.3728097
VYNE,VYNE Therapeutics Inc,6.29376,0.370208
PHIO,Phio Pharmaceuticals Corp.,18.56522,0.3684309
KZR,Kezar Life Sciences Inc,2.57725,0.3676011
CEAD,CEA Industries Inc,17.9154,0.3663217
CENN,Cenntro Inc.,3.95311,0.3642702
HMST,"HomeStreet, Inc.",28.6223,0.3598593
VIOT,"Viomi Technology Co., Ltd. Sponsored ADR Class A",2.78577,0.3589672
LABP,"Landos Biopharma, Inc.",10.20012,0.3588193
SBFM,Sunshine Biopharma Incorporated,1513.42717,0.3587883
RELI,"Reliance Global Group, Inc.",25.5156,0.3577811
STRR,"Star Equity Holdings, Inc.",14.6311,0.357116
LBTYA,Liberty Global Ltd. Class A,49.82305,0.3566622
GIGM,Gigamedia Limited,3.93938,0.3528728
CJJD,China Jo-Jo Drugstores Incorporated,8.97118,0.3511244
PRE,Prenetics Global Limited Class A,16.90739,0.3495513
PTPI,Petros Pharmaceuticals Inc,4.03528,0.3494181
EDUC,Educational Development Corporation,5.30032,0.3471489
VRAX,Virax Biolabs Group Ltd. Class A,2.08507,0.3438736
EBON,"Ebang International Holdings, Inc. Class A",44.55675,0.3433823
PNBK,"Patriot National Bancorp, Inc.",11.16252,0.3431394
KTCC,Key Tronic Corporation,12.06504,0.3356806
BZFD,"BuzzFeed, Inc. Class A",2.98953,0.3345007
OPRT,Oportun Financial Corp.,11.73238,0.3332657
KTTA,Pasithea Therapeutics Corp.,22.46434,0.329411
ZVSA,"ZyVersa Therapeutics, Inc.",27.3308,0.3292988
TAOP,Taoping Inc.,4.41358,0.3285315
USEA,United Maritime Corp.,7.57583,0.3260368
XNET,Xunlei Ltd. ADR,5.02065,0.3226674
DOYU,DouYu International Holdings Ltd. Sponsored ADR,29.49545,0.3220836
AGRI,AgriFORCE Growing Systems Ltd.,1.46628,0.3204708
SEER,"Seer, Inc. Class A",6.17282,0.314281
HMPT,"Home Point Capital, Inc.",4.36085,0.3141589
ANTE,"AirNet Technology, Inc. Sponsored ADR",2.64792,0.3134158
JNCE,"Jounce Therapeutics, Inc.",3.54223,0.3133619
WGS,GeneDx Holdings Corp. Class A,8.77702,0.3133182
RKDA,"Arcadia Biosciences, Inc.",9.99038,0.3133014
TARA,"Protara Therapeutics, Inc.",6.01158,0.3119147
GLBS,Globus Maritime Limited,8.54958,0.3099567
SOHU,Sohu.com Limited Sponsored ADR,32.0423,0.3099028
CMLS,"Cumulus Media, Inc. Class A",17.31615,0.3072276
SND,"Smart Sand, Inc.",6.29481,0.3066018
FOSL,"Fossil Group, Inc.",4.84371,0.3014219
MDIA,"Mediaco Holding, Inc. Class A",1.43032,0.3002824
PEGY,Pineapple Energy Inc.,29.87642,0.2972244
JCSE,JE Cleantech Holdings Limited,2.53567,0.2957798
NOTV,"Inotiv, Inc.",10.44157,0.2949748
TKLF,Yoshitsu Co. Ltd. Sponsored ADR,0.85402,0.2905084
DOMH,Dominari Holdings Inc.,8.91723,0.2904489
SGTX,"Sigilon Therapeutics, Inc.",15.67284,0.2903111
ORGN,"Origin Materials, Inc.",2.89971,0.2883737
APVO,Aptevo Therapeutics Inc,27.62066,0.2883349
EM,Smart Share Global Ltd. Sponsored ADR Class A,1.74432,0.2872179
YGMZ,MingZhu Logistics Holdings Ltd,1.64929,0.2849711
OPI,Office Properties Income Trust,25.75466,0.2842204
CAAS,"China Automotive Systems, Inc.",11.4115,0.2830478
FRGT,"Freight Technologies, Incorporation",1.191,0.2821998
NXTC,"NextCure, Inc.",4.10067,0.2780034
TCRR,"TCR2 Therapeutics, Inc.",3.59303,0.2779827
VFF,"Village Farms International, Inc.",2.74492,0.2772395
UK,Ucommune International Ltd. Class A,13.41845,0.276485
NURO,"NeuroMetrix, Inc.",13.17516,0.2732415
AMTI,"Applied Molecular Transport, Inc.",1.55271,0.2704948
ZENV,"Zenvia, Inc. Class A",4.37783,0.2695399
SNPX,"Synaptogenix, Inc.",25.26735,0.2690231
SXTC,"China Sxt Pharmaceuticals, Inc.",6.28005,0.2675138
SNSE,"Sensei Biotherapeutics, Inc.",2.59267,0.2669063
RPID,"Rapid Micro Biosystems, Inc. Class A",2.78214,0.2659823
XYLO,Xylo Technologies Ltd. Sponsored ADR,33.69287,0.2612422
ACHL,Achilles Therapeutics PLC Sponsored ADR,3.4654,0.256536
VISL,"Vislink Technologies, Inc.",15.15581,0.2560074
INM,InMed Pharmaceuticals Inc.,3.63252,0.2550571
LMFA,LM Funding America Inc,14.51544,0.2548321
SYTA,Siyata Mobile Inc.,306.29929,0.2474051
SISI,"Shineco, Inc.",1.37702,0.24691
MHUA,"Meihua International Medical Technologies Co., Ltd.",6.11244,0.2421292
SQFT,"Presidio Property Trust, Inc. Class A",4.29387,0.2398769
MBNKP*,Medallion Bank Non-Cum Perp Pfd Registered Shs Series F,99.64965,0.2386361
SINT,"SINTX Technologies, Inc.",329.73285,0.2313388
EZGO,EZGO Technologies Ltd.,0.62094,0.2296519
SATS,EchoStar Corporation Class A,73.22309,0.2262947
NXTT,Next Technology Holding Inc.,17.03309,0.2260306
LTRY,"Lottery.com, Inc.",11.98993,0.226023
AYTU,"Aytu BioPharma, Inc.",7.13354,0.2242926
TNXP,Tonix Pharmaceuticals Holding Corp.,1.80032,0.2238491
TIL,"Instil Bio, Inc.",34.72202,0.2194573
IMPP,"Imperial Petroleum, Inc.",12.15243,0.2172405
SGMA,"SigmaTron International, Inc.",11.17843,0.2075336
YQ,"17 Education & Technology Group, Inc. Unsponsored ADR",10.59464,0.1953818
OMIC,"Singular Genomics Systems, Inc.",72.74384,0.189748
ATXG,Addentax Group Corp.,4.83808,0.1880911
JWEL,Jowell Global Ltd.,11.61113,0.1842973
OP,OceanPal Inc,12.42569,0.1794669
BBGI,"Beasley Broadcast Group, Inc. Class A",4.91408,0.1786703
LGMK,"LogicMark, Inc.",5.94594,0.1782729
MESA,Mesa Air Group Inc,4.88604,0.175807
LGHL,Lion Group Holding Ltd. Sponsored ADR,7.76265,0.1739097
GNLN,"Greenlane Holdings, Inc. Class A",32.84058,0.1735049
LX,Lexinfintech Holdings Ltd. Sponsored ADR Class A,10.65803,0.1726398
JVA,"Coffee Holding Co., Inc.",4.1971,0.1665436
GLMD,Galmed Pharmaceuticals Ltd.,2.75086,0.1654028
APWC,Asia Pacific Wire & Cable Corp.,7.61822,0.1644347
HOFV,Hall of Fame Resort & Entertainment Company,19.83717,0.1638339
AFMD,Affimed N.V.,4.25744,0.1468018
OCG,Oriental Culture Holding Ltd,10.66901,0.1340331
BON,Bon Natural Life Limited,3.02289,0.1333161
BAOS,Baosheng Media Group Holdings Ltd,27.60539,0.1307716
FFIE,"Faraday Future Intelligent Electric, Inc.",213.80553,0.1295944
LIFW,"MSP Recovery, Inc. Class A",18.58075,0.1221694
PSHG,Performance Shipping Inc.,18.9882,0.119548
GURE,"Gulf Resources, Inc.",26.03721,0.1186763
QH,Quhuo Ltd. Sponsored ADR Class A,12.8879,0.1140605
CREG,Smart Powerr Corp,13.71839,0.112987
CHR,"Cheer Holding, Inc.",27.79828,0.1129566
AEI,Alset Inc.,9.54928,0.1078615
TIRX,TIAN RUIXIANG Holdings Ltd. Class A,44.71558,0.09839971
RETO,"ReTo Eco-Solutions, Inc. Class A",3.6134,0.09827308
CTRM,"Castor Maritime, Inc.",47.72943,0.08904359
UPC,Universe Pharmaceuticals Incorporation,10.90557,0.08711146
CISS,C3is Inc.,635.27732,0.08338091
CNEY,"CN Energy Group, Inc. Class A",43.39416,0.08261482
BYU,BAIYU Holdings Inc,19.96035,0.08216289
JFU,9F Inc. Sponsored ADR Class A,42.1311,0.08141492
NCPL,NetCapital Inc,116.07359,0.08002682
AQB,AquaBounty Technologies Inc,42.89466,0.06644183
FAMI,"Farmmi, Inc.",26.57923,0.06028768
YJ,"Yunji, Inc. Sponsored ADR Class A",16.51096,0.04305625
TANH,Tantech Holdings Ltd.,33.10904,0.03594185
IFBD,Infobird Co Limited,43.76562,0.02993217
CLEU,China Liberal Education Holdings Ltd,19.85385,0.009066252
UCAR,U Power Limited,34.78326,0.005275527
EJH,E-Home Household Service Holdings Ltd.,50.25068,0.002813893
